STATION,DATE,LATITUDE,LONGITUDE,ELEVATION,NAME,TEMP,TEMP_ATTRIBUTES,DEWP,DEWP_ATTRIBUTES,SLP,SLP_ATTRIBUTES,STP,STP_ATTRIBUTES,VISIB,VISIB_ATTRIBUTES,WDSP,WDSP_ATTRIBUTES,MXSPD,GUST,MAX,MAX_ATTRIBUTES,MIN,MIN_ATTRIBUTES,PRCP,PRCP_ATTRIBUTES,SNDP,FRSHTT
72205012815,1/1/2021,28.41822,-81.32413,27.1,"ORLANDO INTERNATIONAL AIRPORT, FL US",72.7,24,66.2,24,1020.6,24,17,24,10,24,9,24,15,22.9,82.9, ,66, ,0,G,999.9,0
72205012815,1/2/2021,28.41822,-81.32413,27.1,"ORLANDO INTERNATIONAL AIRPORT, FL US",72.2,24,66.8,24,1019.6,19,16.1,24,9,24,8.3,24,17.1,22,82.9, ,66, ,0,G,999.9,0
72205012815,1/3/2021,28.41822,-81.32413,27.1,"ORLANDO INTERNATIONAL AIRPORT, FL US",67.1,24,63.5,24,1017.5,21,14,24,9.7,24,6.5,24,12,999.9,82.9, ,61, ,0,G,999.9,10000
72205012815,1/4/2021,28.41822,-81.32413,27.1,"ORLANDO INTERNATIONAL AIRPORT, FL US",57.7,24,46.4,24,1017.8,24,14.1,24,10,24,6.5,24,11.1,999.9,70, ,46.9, ,0.02,G,999.9,0
72205012815,1/5/2021,28.41822,-81.32413,27.1,"ORLANDO INTERNATIONAL AIRPORT, FL US",55.7,24,44.5,24,1017.6,24,13.9,24,10,24,4.9,24,15,20,70, ,45, ,0,G,999.9,0
72205012815,1/6/2021,28.41822,-81.32413,27.1,"ORLANDO INTERNATIONAL AIRPORT, FL US",56.1,24,44,24,1019.1,24,15.4,24,10,24,5,24,9.9,999.9,70, ,43, ,0,G,999.9,0
72205012815,1/7/2021,28.41822,-81.32413,27.1,"ORLANDO INTERNATIONAL AIRPORT, FL US",59.8,24,51.2,24,1017.7,24,14,24,10,24,7.1,24,15,21,73.9, ,43, ,0,G,999.9,0
72205012815,1/8/2021,28.41822,-81.32413,27.1,"ORLANDO INTERNATIONAL AIRPORT, FL US",62,24,55.1,24,1013.4,24,9.7,24,9.7,24,8.8,24,14,22.9,73.9, ,52, ,0.16,G,999.9,10000
72205012815,1/9/2021,28.41822,-81.32413,27.1,"ORLANDO INTERNATIONAL AIRPORT, FL US",51.3,24,39.9,24,1018.4,22,14.6,24,10,24,9.2,24,14,20,68, ,46.9, ,0,I,999.9,0
72205012815,1/10/2021,28.41822,-81.32413,27.1,"ORLANDO INTERNATIONAL AIRPORT, FL US",47.4,24,38.9,24,1023.5,24,19.7,24,10,24,5.5,24,9.9,999.9,63, ,37, ,0,G,999.9,0
72205012815,1/11/2021,28.41822,-81.32413,27.1,"ORLANDO INTERNATIONAL AIRPORT, FL US",58.4,24,51.6,24,1022.8,24,19.1,24,9.7,24,5.1,24,13,22,75, ,37, ,0,G,999.9,0
72205012815,1/12/2021,28.41822,-81.32413,27.1,"ORLANDO INTERNATIONAL AIRPORT, FL US",61.9,24,56.6,24,1020.9,22,17.3,24,9.9,24,5.6,24,12,999.9,75, ,50, ,0,G,999.9,0
72205012815,1/13/2021,28.41822,-81.32413,27.1,"ORLANDO INTERNATIONAL AIRPORT, FL US",55.3,24,50.5,24,1021.1,19,17.4,24,10,24,5.9,24,9.9,999.9,64.9, ,53.1, ,0,G,999.9,0
72205012815,1/14/2021,28.41822,-81.32413,27.1,"ORLANDO INTERNATIONAL AIRPORT, FL US",54.2,24,46.1,24,1017,21,13.6,24,10,24,5.6,24,13,999.9,64, ,46.9, ,0.01,G,999.9,110000
72205012815,1/15/2021,28.41822,-81.32413,27.1,"ORLANDO INTERNATIONAL AIRPORT, FL US",55,24,47.5,24,1013.4,24,9.7,24,10,24,5.7,24,14,17.1,73.9, ,42.1, ,0,G,999.9,100000
72205012815,1/16/2021,28.41822,-81.32413,27.1,"ORLANDO INTERNATIONAL AIRPORT, FL US",55.7,24,44.6,24,1013.6,24,9.7,24,9.7,24,8.9,24,15.9,24.1,73.9, ,42.1, ,0.03,G,999.9,10000
72205012815,1/17/2021,28.41822,-81.32413,27.1,"ORLANDO INTERNATIONAL AIRPORT, FL US",50.1,24,42.9,24,1017.4,24,13.7,24,9.9,24,2.9,24,8,999.9,62.1, ,39.9, ,0,G,999.9,0
72205012815,1/18/2021,28.41822,-81.32413,27.1,"ORLANDO INTERNATIONAL AIRPORT, FL US",55.6,24,44.5,24,1019.9,24,16.2,24,10,24,4.5,24,12,15.9,66, ,39.9, ,0,G,999.9,100000
72205012815,1/19/2021,28.41822,-81.32413,27.1,"ORLANDO INTERNATIONAL AIRPORT, FL US",54.3,24,38.8,24,1025.8,24,22.1,24,10,24,3.2,24,8,999.9,70, ,39.9, ,0,G,999.9,0
72205012815,1/20/2021,28.41822,-81.32413,27.1,"ORLANDO INTERNATIONAL AIRPORT, FL US",57.7,24,45.4,24,1025.8,24,22,24,10,24,4.2,24,7,999.9,72, ,39.9, ,0,G,999.9,100000
72205012815,1/21/2021,28.41822,-81.32413,27.1,"ORLANDO INTERNATIONAL AIRPORT, FL US",60.7,24,44.9,24,1020.7,24,16.9,24,10,24,4.9,24,12,999.9,77, ,45, ,0,G,999.9,0
72205012815,1/22/2021,28.41822,-81.32413,27.1,"ORLANDO INTERNATIONAL AIRPORT, FL US",64.5,24,52.3,24,1016.2,24,12.5,24,10,24,7.3,24,15,15.9,78.1, ,48, ,0,G,999.9,0
72205012815,1/23/2021,28.41822,-81.32413,27.1,"ORLANDO INTERNATIONAL AIRPORT, FL US",63.6,24,60.3,24,1017.3,23,13.7,24,8.3,24,4.9,24,9.9,999.9,78.1, ,53.1, ,0,G,999.9,10000
72205012815,1/24/2021,28.41822,-81.32413,27.1,"ORLANDO INTERNATIONAL AIRPORT, FL US",65.1,24,58.9,24,1019.8,24,16.2,24,10,24,4.1,24,8,999.9,79, ,55.9, ,0.07,G,999.9,0
72205012815,1/25/2021,28.41822,-81.32413,27.1,"ORLANDO INTERNATIONAL AIRPORT, FL US",69.1,24,63.8,24,1017.8,17,14.3,24,8.1,24,6.3,24,15,20,82, ,55.9, ,0,G,999.9,100000
72205012815,1/26/2021,28.41822,-81.32413,27.1,"ORLANDO INTERNATIONAL AIRPORT, FL US",67.5,24,63.2,24,1016.3,19,12.9,24,7.7,24,5.8,24,11.1,999.9,82, ,57, ,0,G,999.9,100000
72205012815,1/27/2021,28.41822,-81.32413,27.1,"ORLANDO INTERNATIONAL AIRPORT, FL US",69.4,24,64.2,24,1016.7,21,13.1,24,7.1,24,7.4,24,14,999.9,82, ,57, ,0,G,999.9,100000
72205012815,1/28/2021,28.41822,-81.32413,27.1,"ORLANDO INTERNATIONAL AIRPORT, FL US",64.2,24,52.9,24,1021.4,20,16.8,24,10,24,10.7,24,18.1,25.1,82, ,53.1, ,0.04,G,999.9,0
72205012815,1/29/2021,28.41822,-81.32413,27.1,"ORLANDO INTERNATIONAL AIRPORT, FL US",52.7,24,39.1,24,1025.6,24,21.9,24,10,24,6.8,24,11.1,999.9,70, ,44.1, ,0,G,999.9,0
72205012815,1/30/2021,28.41822,-81.32413,27.1,"ORLANDO INTERNATIONAL AIRPORT, FL US",56.4,24,45.7,24,1023.8,24,20,24,10,24,5.2,24,11.1,19,72, ,44.1, ,0,G,999.9,0
72205012815,1/31/2021,28.41822,-81.32413,27.1,"ORLANDO INTERNATIONAL AIRPORT, FL US",64.1,24,54.1,24,1019.4,24,15.5,24,10,24,8.3,24,17.1,24.1,78.1, ,45, ,0,G,999.9,0
72205012815,2/1/2021,28.41822,-81.32413,27.1,"ORLANDO INTERNATIONAL AIRPORT, FL US",61.9,24,54.3,24,1011.1,23,7.3,24,9.5,24,13.3,24,20,28.9,78.1, ,48.9, ,0.23,G,999.9,10010
72205012815,2/2/2021,28.41822,-81.32413,27.1,"ORLANDO INTERNATIONAL AIRPORT, FL US",46.3,24,30.6,24,1013.7,24,10,24,10,24,14.9,24,18.1,26,66.9, ,41, ,0,I,999.9,0
72205012815,2/3/2021,28.41822,-81.32413,27.1,"ORLANDO INTERNATIONAL AIRPORT, FL US",47.3,24,27.9,24,1017.1,24,13.4,24,10,24,8.9,24,15,20,59, ,37, ,0,G,999.9,0
72205012815,2/4/2021,28.41822,-81.32413,27.1,"ORLANDO INTERNATIONAL AIRPORT, FL US",49,24,29.4,24,1019.6,24,15.9,24,10,24,2.9,24,8,999.9,66, ,35.1, ,0,G,999.9,0
72205012815,2/5/2021,28.41822,-81.32413,27.1,"ORLANDO INTERNATIONAL AIRPORT, FL US",58.7,24,44.7,24,1015.8,24,12,24,10,24,7.7,24,14,21,79, ,35.1, ,0,G,999.9,0
72205012815,2/6/2021,28.41822,-81.32413,27.1,"ORLANDO INTERNATIONAL AIRPORT, FL US",64.2,24,58.3,24,1014.7,19,11.1,24,10,24,4.3,24,8.9,999.9,79, ,42.1, ,0,G,999.9,10000
72205012815,2/7/2021,28.41822,-81.32413,27.1,"ORLANDO INTERNATIONAL AIRPORT, FL US",70.9,24,66.1,24,1012.3,16,8.3,24,9.8,24,7.8,24,15.9,21,80.1, ,55, ,0.14,G,999.9,10010
72205012815,2/8/2021,28.41822,-81.32413,27.1,"ORLANDO INTERNATIONAL AIRPORT, FL US",64.1,24,58.4,24,1019.8,22,16,24,10,24,9.4,24,12,999.9,80.1, ,57.9, ,0.09,G,999.9,10000
72205012815,2/9/2021,28.41822,-81.32413,27.1,"ORLANDO INTERNATIONAL AIRPORT, FL US",72.4,24,65.6,24,1020,18,16.4,24,6.9,24,4.8,24,8.9,999.9,86, ,57.9, ,0,G,999.9,100000
72205012815,2/10/2021,28.41822,-81.32413,27.1,"ORLANDO INTERNATIONAL AIRPORT, FL US",71.8,24,65.6,24,1019.5,18,16.3,24,6.3,24,3.8,24,8,999.9,82.9,*,66.2,*,0,G,999.9,100000
72205012815,2/11/2021,28.41822,-81.32413,27.1,"ORLANDO INTERNATIONAL AIRPORT, FL US",72.6,24,64.9,24,1017.7,21,14.3,24,8.9,24,5.5,24,11.1,18.1,84.9, ,62.1, ,0,G,999.9,100000
72205012815,2/12/2021,28.41822,-81.32413,27.1,"ORLANDO INTERNATIONAL AIRPORT, FL US",72.3,24,66.1,24,1014.9,20,11.5,24,9.5,24,5.4,24,11.1,15.9,82.9,*,63,*,0.01,G,999.9,110010
72205012815,2/13/2021,28.41822,-81.32413,27.1,"ORLANDO INTERNATIONAL AIRPORT, FL US",72.6,24,67.8,24,1013,19,9.4,24,9.6,24,8.3,24,17.1,33,82.9, ,66, ,0,G,999.9,10010
72205012815,2/14/2021,28.41822,-81.32413,27.1,"ORLANDO INTERNATIONAL AIRPORT, FL US",73.6,24,66.9,24,1013.2,23,9.5,24,9.4,24,8.9,24,22,32.1,87.1, ,66, ,1.52,G,999.9,10010
72205012815,2/15/2021,28.41822,-81.32413,27.1,"ORLANDO INTERNATIONAL AIRPORT, FL US",74.2,24,67.3,24,1014.4,21,11,24,8.7,24,7.1,24,15.9,24.1,87.1, ,66.9, ,0.16,G,999.9,10010
72205012815,2/16/2021,28.41822,-81.32413,27.1,"ORLANDO INTERNATIONAL AIRPORT, FL US",70.7,24,62,24,1015.2,18,11.2,24,9.6,24,11,24,15,21,87.1, ,63, ,0.35,G,999.9,10010
72205012815,2/17/2021,28.41822,-81.32413,27.1,"ORLANDO INTERNATIONAL AIRPORT, FL US",63.6,24,55,24,1018.9,24,15.2,24,9.7,24,5.4,24,8.9,999.9,75.9, ,60.1, ,0.02,B,999.9,10000
72205012815,2/18/2021,28.41822,-81.32413,27.1,"ORLANDO INTERNATIONAL AIRPORT, FL US",72.8,24,65.6,24,1017.3,18,13.9,24,9.6,24,9.4,24,15.9,21,87.1, ,60.1, ,0,B,999.9,0
72205012815,2/19/2021,28.41822,-81.32413,27.1,"ORLANDO INTERNATIONAL AIRPORT, FL US",72.9,24,66.1,24,1016.6,20,13,24,10,24,9.5,24,19,28,86,*,60.1,*,0,G,999.9,10000
72205012815,2/20/2021,28.41822,-81.32413,27.1,"ORLANDO INTERNATIONAL AIRPORT, FL US",56.9,24,46.7,24,1023.8,21,19.9,24,10,24,10.5,24,15,18.1,66.9,*,48.9,*,0.02,G,999.9,0
72205012815,2/21/2021,28.41822,-81.32413,27.1,"ORLANDO INTERNATIONAL AIRPORT, FL US",59.3,24,46.6,24,1026.9,24,23.1,24,10,24,11.6,24,17.1,22.9,73, ,51.1, ,0,G,999.9,0
72205012815,2/22/2021,28.41822,-81.32413,27.1,"ORLANDO INTERNATIONAL AIRPORT, FL US",65.6,24,57.3,24,1022.4,24,18.8,24,9.9,24,6,24,13,18.1,82, ,50, ,0,G,999.9,0
72205012815,2/23/2021,28.41822,-81.32413,27.1,"ORLANDO INTERNATIONAL AIRPORT, FL US",69.7,24,60.1,24,1018.7,22,14.9,24,10,24,7,24,12,15.9,82, ,55, ,0,G,999.9,0
72205012815,2/24/2021,28.41822,-81.32413,27.1,"ORLANDO INTERNATIONAL AIRPORT, FL US",65.3,24,55,24,1020.4,24,16.8,24,10,24,4.7,24,9.9,15,81, ,54, ,0,G,999.9,0
72205012815,2/25/2021,28.41822,-81.32413,27.1,"ORLANDO INTERNATIONAL AIRPORT, FL US",68.9,24,53.1,24,1021.1,24,17.5,24,10,24,5.6,24,11.1,15,81, ,54, ,0,G,999.9,0
72205012815,2/26/2021,28.41822,-81.32413,27.1,"ORLANDO INTERNATIONAL AIRPORT, FL US",68.5,24,52.4,24,1021.1,24,17.5,24,10,24,3.2,24,12,999.9,82.9, ,55, ,0,G,999.9,100000
72205012815,2/27/2021,28.41822,-81.32413,27.1,"ORLANDO INTERNATIONAL AIRPORT, FL US",73.2,24,62.2,24,1021.8,24,18.2,24,9.8,24,6.4,24,13,999.9,87.1, ,55, ,0,G,999.9,100000
72205012815,2/28/2021,28.41822,-81.32413,27.1,"ORLANDO INTERNATIONAL AIRPORT, FL US",75.2,24,66.6,24,1021.9,24,18.3,24,10,24,8.5,24,14,20,88, ,64, ,0,G,999.9,0
72205012815,3/1/2021,28.41822,-81.32413,27.1,"ORLANDO INTERNATIONAL AIRPORT, FL US",76.6,24,68,24,1018.2,22,14.8,24,9.8,24,7.9,24,14,19,88, ,66.9, ,0,G,999.9,0
72205012815,3/2/2021,28.41822,-81.32413,27.1,"ORLANDO INTERNATIONAL AIRPORT, FL US",72.9,24,65.2,24,1016.9,18,13.7,24,10,24,5.8,24,15,999.9,87.1, ,63, ,0,G,999.9,10000
72205012815,3/3/2021,28.41822,-81.32413,27.1,"ORLANDO INTERNATIONAL AIRPORT, FL US",69.3,24,62.6,24,1013.3,20,9.4,24,9.1,24,7.6,24,15.9,22.9,82, ,63, ,0.06,G,999.9,10010
72205012815,3/4/2021,28.41822,-81.32413,27.1,"ORLANDO INTERNATIONAL AIRPORT, FL US",62.3,24,52,24,1015.7,21,12.3,24,9.9,24,8.4,24,14,999.9,75, ,55, ,0.46,G,999.9,0
72205012815,3/5/2021,28.41822,-81.32413,27.1,"ORLANDO INTERNATIONAL AIRPORT, FL US",63.3,24,45.5,24,1015.5,24,11.9,24,10,24,3.5,24,9.9,999.9,77, ,51.1, ,0,G,999.9,0
72205012815,3/6/2021,28.41822,-81.32413,27.1,"ORLANDO INTERNATIONAL AIRPORT, FL US",62.7,24,55.6,24,1015.5,24,11.9,24,10,24,7.4,24,17.1,22,77, ,51.1, ,0,G,999.9,10000
72205012815,3/7/2021,28.41822,-81.32413,27.1,"ORLANDO INTERNATIONAL AIRPORT, FL US",60.3,24,47.1,24,1020.4,24,16.3,24,10,24,16.1,24,20,26,70, ,53.1, ,0,G,999.9,0
72205012815,3/8/2021,28.41822,-81.32413,27.1,"ORLANDO INTERNATIONAL AIRPORT, FL US",56.2,24,40.8,24,1029.3,24,25.6,24,10,24,10.1,24,15,19,71.1, ,46, ,0,G,999.9,0
72205012815,3/9/2021,28.41822,-81.32413,27.1,"ORLANDO INTERNATIONAL AIRPORT, FL US",61,24,47.7,24,1031.5,24,27.7,24,10,24,10.4,24,15,22,75, ,46, ,0,G,999.9,0
72205012815,3/10/2021,28.41822,-81.32413,27.1,"ORLANDO INTERNATIONAL AIRPORT, FL US",63.6,24,50.9,24,1029.6,24,25.9,24,10,24,8.3,24,15,19,75.9, ,51.1, ,0,G,999.9,0
72205012815,3/11/2021,28.41822,-81.32413,27.1,"ORLANDO INTERNATIONAL AIRPORT, FL US",66.2,24,52.4,24,1028,24,24.3,24,10,24,7.9,24,15,17.1,79, ,53.1, ,0,G,999.9,0
72205012815,3/12/2021,28.41822,-81.32413,27.1,"ORLANDO INTERNATIONAL AIRPORT, FL US",67.7,24,55.5,24,1026.9,24,23.2,24,10,24,6.3,24,11.1,999.9,81, ,54, ,0,G,999.9,0
72205012815,3/13/2021,28.41822,-81.32413,27.1,"ORLANDO INTERNATIONAL AIRPORT, FL US",67.8,24,55.6,24,1024.6,24,21,24,10,24,5.2,24,9.9,999.9,82, ,54, ,0,G,999.9,0
72205012815,3/14/2021,28.41822,-81.32413,27.1,"ORLANDO INTERNATIONAL AIRPORT, FL US",68.5,24,57.3,24,1021.2,24,17.6,24,9.9,24,3.4,24,8,999.9,82.9, ,55, ,0,G,999.9,100000
72205012815,3/15/2021,28.41822,-81.32413,27.1,"ORLANDO INTERNATIONAL AIRPORT, FL US",70.8,24,60.9,24,1019.6,24,16,24,10,24,4.5,24,12,999.9,84, ,55.9, ,0,G,999.9,100000
72205012815,3/16/2021,28.41822,-81.32413,27.1,"ORLANDO INTERNATIONAL AIRPORT, FL US",72.2,24,62.5,24,1018.8,24,15.2,24,10,24,8.2,24,15,22,86, ,60.1, ,0,G,999.9,100000
72205012815,3/17/2021,28.41822,-81.32413,27.1,"ORLANDO INTERNATIONAL AIRPORT, FL US",75.3,24,62.8,24,1017.2,24,13.7,24,9.9,24,7.2,24,18.1,22,88, ,62.1, ,0,G,999.9,0
72205012815,3/18/2021,28.41822,-81.32413,27.1,"ORLANDO INTERNATIONAL AIRPORT, FL US",75.7,24,64.8,24,1014.8,22,11.5,24,10,24,10.3,24,20,28,89.1, ,64, ,0,G,999.9,0
72205012815,3/19/2021,28.41822,-81.32413,27.1,"ORLANDO INTERNATIONAL AIRPORT, FL US",69.8,24,57.7,24,1014,24,10.4,24,10,24,11.3,24,20,28,89.1, ,62.1, ,0,G,999.9,0
72205012815,3/20/2021,28.41822,-81.32413,27.1,"ORLANDO INTERNATIONAL AIRPORT, FL US",59.8,24,51.8,24,1019.8,23,16.2,24,10,24,11.9,24,21,27,75, ,54, ,0,G,999.9,0
72205012815,3/21/2021,28.41822,-81.32413,27.1,"ORLANDO INTERNATIONAL AIRPORT, FL US",55.1,24,50.5,24,1018.5,22,14.9,24,9.9,24,10.7,24,20,25.1,69.1, ,52, ,0,G,999.9,10000
72205012815,3/22/2021,28.41822,-81.32413,27.1,"ORLANDO INTERNATIONAL AIRPORT, FL US",60.8,24,57.5,24,1015.5,22,11.8,24,7.4,24,9.2,24,17.1,21,73.9, ,52, ,0.03,G,999.9,10000
72205012815,3/23/2021,28.41822,-81.32413,27.1,"ORLANDO INTERNATIONAL AIRPORT, FL US",65.5,24,56,24,1015.3,19,11.7,24,9.2,24,4.8,24,11.1,999.9,80.1, ,53.1, ,0,I,999.9,100000
72205012815,3/24/2021,28.41822,-81.32413,27.1,"ORLANDO INTERNATIONAL AIRPORT, FL US",69.3,24,56.3,24,1015.9,24,12.3,24,10,24,4.5,24,9.9,999.9,84, ,53.1, ,0,G,999.9,100000
72205012815,3/25/2021,28.41822,-81.32413,27.1,"ORLANDO INTERNATIONAL AIRPORT, FL US",74.7,24,64.7,24,1017.4,22,13.8,24,8.5,24,8.2,24,13,21,91, ,55.9, ,0,G,999.9,0
72205012815,3/26/2021,28.41822,-81.32413,27.1,"ORLANDO INTERNATIONAL AIRPORT, FL US",77.9,24,69.3,24,1019.4,23,15.9,24,9.6,24,7.6,24,13,999.9,91, ,64, ,0,G,999.9,0
72205012815,3/27/2021,28.41822,-81.32413,27.1,"ORLANDO INTERNATIONAL AIRPORT, FL US",77.7,24,65.4,24,1021.1,24,17.5,24,9.8,24,7.3,24,13,19,90, ,64.9, ,0,G,999.9,100000
72205012815,3/28/2021,28.41822,-81.32413,27.1,"ORLANDO INTERNATIONAL AIRPORT, FL US",77.1,24,66.4,24,1018.7,23,15.1,24,10,24,9.6,24,15.9,22,90, ,64.9, ,0,G,999.9,0
72205012815,3/29/2021,28.41822,-81.32413,27.1,"ORLANDO INTERNATIONAL AIRPORT, FL US",75,24,66.5,24,1019.2,21,15.6,24,9.9,24,6.5,24,13,999.9,90, ,66.9, ,0,G,999.9,0
72205012815,3/30/2021,28.41822,-81.32413,27.1,"ORLANDO INTERNATIONAL AIRPORT, FL US",73.8,24,64.7,24,1020.9,24,17.3,24,10,24,6.7,24,12,999.9,87.1, ,64.9, ,0,G,999.9,0
72205012815,3/31/2021,28.41822,-81.32413,27.1,"ORLANDO INTERNATIONAL AIRPORT, FL US",77.3,24,68.2,24,1019.5,24,16,24,10,24,6.9,24,11.1,15.9,89.1, ,64.9, ,0,G,999.9,110000
72205012815,4/1/2021,28.41822,-81.32413,27.1,"ORLANDO INTERNATIONAL AIRPORT, FL US",70.8,24,62.8,24,1017.3,19,13.7,24,9.3,24,8.4,24,15,33,89.1, ,62.1, ,1.48,G,999.9,10010
72205012815,4/2/2021,28.41822,-81.32413,27.1,"ORLANDO INTERNATIONAL AIRPORT, FL US",57.3,24,37.7,24,1022,24,18.4,24,10,24,14.1,24,20,26,77, ,48, ,0,G,999.9,0
72205012815,4/3/2021,28.41822,-81.32413,27.1,"ORLANDO INTERNATIONAL AIRPORT, FL US",56.9,24,41.8,24,1027.2,24,23.4,24,10,24,10.9,24,15,22.9,72, ,48, ,0,G,999.9,0
72205012815,4/4/2021,28.41822,-81.32413,27.1,"ORLANDO INTERNATIONAL AIRPORT, FL US",62.8,24,49.1,24,1025.8,24,22.1,24,10,24,6.7,24,12,999.9,75, ,48, ,0,G,999.9,0
72205012815,4/5/2021,28.41822,-81.32413,27.1,"ORLANDO INTERNATIONAL AIRPORT, FL US",64.5,24,49.3,24,1022,24,18.3,24,10,24,2.8,24,8.9,17.1,78.1, ,52, ,0,G,999.9,100000
72205012815,4/6/2021,28.41822,-81.32413,27.1,"ORLANDO INTERNATIONAL AIRPORT, FL US",66.9,24,49.4,24,1020.1,24,16.4,24,10,24,3.3,24,12,999.9,80.1, ,52, ,0,G,999.9,0
72205012815,4/7/2021,28.41822,-81.32413,27.1,"ORLANDO INTERNATIONAL AIRPORT, FL US",69.2,24,53.8,24,1018.6,24,14.9,24,10,24,4.1,24,12,999.9,82, ,55, ,0,G,999.9,100000
72205012815,4/8/2021,28.41822,-81.32413,27.1,"ORLANDO INTERNATIONAL AIRPORT, FL US",70.5,24,56,24,1016.5,24,12.9,24,10,24,5.3,24,11.1,999.9,82.9, ,55.9, ,0,G,999.9,0
72205012815,4/9/2021,28.41822,-81.32413,27.1,"ORLANDO INTERNATIONAL AIRPORT, FL US",71.8,24,59,24,1016.1,24,12.5,24,10,24,6.9,24,15,21,86, ,57.9, ,0,G,999.9,100000
72205012815,4/10/2021,28.41822,-81.32413,27.1,"ORLANDO INTERNATIONAL AIRPORT, FL US",74.2,24,62.4,24,1013.8,23,10,24,10,24,11.2,24,27,46,90, ,60.1, ,0,G,999.9,10010
72205012815,4/11/2021,28.41822,-81.32413,27.1,"ORLANDO INTERNATIONAL AIRPORT, FL US",64.4,24,61.3,24,1009,17,6.1,24,9.2,24,8.1,24,28,40,69.1,*,61,*,0.25,G,999.9,10010
72205012815,4/12/2021,28.41822,-81.32413,27.1,"ORLANDO INTERNATIONAL AIRPORT, FL US",69.6,24,59.6,24,1009.9,20,6.2,24,10,24,6.1,24,14,18.1,84, ,57.9, ,1.4,G,999.9,100000
72205012815,4/13/2021,28.41822,-81.32413,27.1,"ORLANDO INTERNATIONAL AIRPORT, FL US",74.2,24,54.6,24,1015.7,24,12.1,24,10,24,4.6,24,11.1,999.9,90, ,57, ,0,G,999.9,100000
72205012815,4/14/2021,28.41822,-81.32413,27.1,"ORLANDO INTERNATIONAL AIRPORT, FL US",74.4,24,62.6,24,1018.9,24,15.3,24,10,24,5.8,24,12,17.1,90, ,57, ,0,G,999.9,100000
72205012815,4/15/2021,28.41822,-81.32413,27.1,"ORLANDO INTERNATIONAL AIRPORT, FL US",73.6,24,61.7,24,1015,24,11.5,24,9.8,24,8.4,24,14,32.1,87.1, ,63, ,0,G,999.9,10000
72205012815,4/16/2021,28.41822,-81.32413,27.1,"ORLANDO INTERNATIONAL AIRPORT, FL US",74.8,24,65,24,1011.2,22,7.7,24,10,24,6.2,24,13,999.9,87.1, ,64, ,0.05,G,999.9,10000
72205012815,4/17/2021,28.41822,-81.32413,27.1,"ORLANDO INTERNATIONAL AIRPORT, FL US",76.9,24,67.9,24,1010.6,21,7.2,24,9.3,24,7.3,24,14,20,88, ,69.1, ,0,G,999.9,0
72205012815,4/18/2021,28.41822,-81.32413,27.1,"ORLANDO INTERNATIONAL AIRPORT, FL US",77.1,24,68.8,24,1011.8,16,8.5,24,9.6,24,6,24,13,999.9,88, ,69.1, ,0,G,999.9,10010
72205012815,4/19/2021,28.41822,-81.32413,27.1,"ORLANDO INTERNATIONAL AIRPORT, FL US",71.9,24,67.3,24,1012.6,17,9,24,9.6,24,4.9,24,15,32.1,84.9, ,68, ,0.56,G,999.9,10010
72205012815,4/20/2021,28.41822,-81.32413,27.1,"ORLANDO INTERNATIONAL AIRPORT, FL US",70.7,24,66.7,24,1013.9,19,10.2,24,8.9,24,5.6,24,17.1,26,75.9, ,66, ,0.2,G,999.9,110010
72205012815,4/21/2021,28.41822,-81.32413,27.1,"ORLANDO INTERNATIONAL AIRPORT, FL US",74.8,24,64.1,24,1014.5,21,10.9,24,10,24,5.4,24,11.1,19,84.9, ,66, ,2.46,G,999.9,0
72205012815,4/22/2021,28.41822,-81.32413,27.1,"ORLANDO INTERNATIONAL AIRPORT, FL US",70.5,24,53.7,24,1017.6,24,14,24,10,24,8.3,24,13,999.9,84.9, ,61, ,0,G,999.9,0
72205012815,4/23/2021,28.41822,-81.32413,27.1,"ORLANDO INTERNATIONAL AIRPORT, FL US",68.5,24,58,24,1019.7,24,16.1,24,10,24,9.3,24,15,19,80.1, ,60.1, ,0,G,999.9,0
72205012815,4/24/2021,28.41822,-81.32413,27.1,"ORLANDO INTERNATIONAL AIRPORT, FL US",75.3,24,63.9,24,1016,24,12.4,24,10,24,10.5,24,15.9,22.9,88, ,60.1, ,0,G,999.9,0
72205012815,4/25/2021,28.41822,-81.32413,27.1,"ORLANDO INTERNATIONAL AIRPORT, FL US",78.6,24,68.9,24,1011.8,22,8.2,24,9.4,24,9.6,24,15,22.9,88, ,66.9, ,0,G,999.9,10010
72205012815,4/26/2021,28.41822,-81.32413,27.1,"ORLANDO INTERNATIONAL AIRPORT, FL US",73.7,24,60.8,24,1015.8,24,12.2,24,10,24,7.9,24,15,999.9,87.1, ,64, ,1.42,G,999.9,0
72205012815,4/27/2021,28.41822,-81.32413,27.1,"ORLANDO INTERNATIONAL AIRPORT, FL US",73.2,24,60.5,24,1019.8,24,16.2,24,10,24,8,24,13,18.1,84, ,64, ,0,G,999.9,0
72205012815,4/28/2021,28.41822,-81.32413,27.1,"ORLANDO INTERNATIONAL AIRPORT, FL US",73.6,24,62,24,1019.6,24,16,24,10,24,6.3,24,13,999.9,84, ,63, ,0,G,999.9,100000
72205012815,4/29/2021,28.41822,-81.32413,27.1,"ORLANDO INTERNATIONAL AIRPORT, FL US",77.4,24,66.3,24,1017.5,24,13.9,24,10,24,6.8,24,12,17.1,90, ,63, ,0,G,999.9,100000
72205012815,4/30/2021,28.41822,-81.32413,27.1,"ORLANDO INTERNATIONAL AIRPORT, FL US",79.9,24,64.3,24,1016.6,24,12.9,24,10,24,6.4,24,12,18.1,90, ,68, ,0,G,999.9,0
72205012815,5/1/2021,28.41822,-81.32413,27.1,"ORLANDO INTERNATIONAL AIRPORT, FL US",79.2,24,65,24,1015.5,24,11.8,24,10,24,6.6,24,15,999.9,90, ,70, ,0,G,999.9,0
72205012815,5/2/2021,28.41822,-81.32413,27.1,"ORLANDO INTERNATIONAL AIRPORT, FL US",79.8,24,67.4,24,1014.6,24,11.1,24,10,24,7.3,24,13,18.1,91.9, ,72, ,0,G,999.9,0
72205012815,5/3/2021,28.41822,-81.32413,27.1,"ORLANDO INTERNATIONAL AIRPORT, FL US",81.4,24,66.8,24,1014.2,23,10.5,24,10,24,6.4,24,14,21,93.9, ,71.1, ,0,G,999.9,10010
72205012815,5/4/2021,28.41822,-81.32413,27.1,"ORLANDO INTERNATIONAL AIRPORT, FL US",81,24,70.2,24,1015.6,24,12,24,10,24,6.2,24,15.9,22.9,93.9, ,71.1, ,0,G,999.9,10010
72205012815,5/5/2021,28.41822,-81.32413,27.1,"ORLANDO INTERNATIONAL AIRPORT, FL US",82.5,24,71.7,24,1016.5,24,12.9,24,10,24,7.1,24,18.1,25.1,93.9, ,72, ,0.13,G,999.9,10010
72205012815,5/6/2021,28.41822,-81.32413,27.1,"ORLANDO INTERNATIONAL AIRPORT, FL US",80.6,24,70.8,24,1016.1,20,12.6,24,9.8,24,6.6,24,15,31.1,93, ,73, ,0,G,999.9,10010
72205012815,5/7/2021,28.41822,-81.32413,27.1,"ORLANDO INTERNATIONAL AIRPORT, FL US",78.1,24,58.5,24,1015.7,24,12.1,24,10,24,8.2,24,12,19,91.9, ,71.1, ,0,G,999.9,0
72205012815,5/8/2021,28.41822,-81.32413,27.1,"ORLANDO INTERNATIONAL AIRPORT, FL US",73.1,24,52,24,1018.3,24,14.7,24,10,24,6,24,12,999.9,86, ,61, ,0,G,999.9,0
72205012815,5/9/2021,28.41822,-81.32413,27.1,"ORLANDO INTERNATIONAL AIRPORT, FL US",75.9,24,60.1,24,1019.3,24,15.6,24,10,24,7.6,24,14,21,90, ,61, ,0,G,999.9,0
72205012815,5/10/2021,28.41822,-81.32413,27.1,"ORLANDO INTERNATIONAL AIRPORT, FL US",80.4,24,67.3,24,1017.5,24,13.9,24,10,24,7.6,24,14,18.1,93, ,64.9, ,0,G,999.9,0
72205012815,5/11/2021,28.41822,-81.32413,27.1,"ORLANDO INTERNATIONAL AIRPORT, FL US",80.9,24,67.8,24,1017.8,24,14.2,24,10,24,4.8,24,15,999.9,93, ,71.1, ,0,G,999.9,0
72205012815,5/12/2021,28.41822,-81.32413,27.1,"ORLANDO INTERNATIONAL AIRPORT, FL US",78,24,70.3,24,1017.2,24,13.6,24,10,24,5,24,20,29.9,91, ,71.1, ,0,G,999.9,10010
72205012815,5/13/2021,28.41822,-81.32413,27.1,"ORLANDO INTERNATIONAL AIRPORT, FL US",74.5,24,67.7,24,1017.8,24,14.2,24,10,24,7.5,24,14,999.9,90, ,71.1, ,0.01,G,999.9,0
72205012815,5/14/2021,28.41822,-81.32413,27.1,"ORLANDO INTERNATIONAL AIRPORT, FL US",73.2,24,61.9,24,1019,23,15.3,24,9.9,24,10.9,24,17.1,26,86, ,64, ,0,G,999.9,0
72205012815,5/15/2021,28.41822,-81.32413,27.1,"ORLANDO INTERNATIONAL AIRPORT, FL US",73.2,24,57.5,24,1020.3,24,16.7,24,10,24,10.8,24,17.1,22,86, ,64, ,0,G,999.9,0
72205012815,5/16/2021,28.41822,-81.32413,27.1,"ORLANDO INTERNATIONAL AIRPORT, FL US",73.9,24,54.5,24,1021.3,24,17.7,24,10,24,10,24,14,21,86, ,64, ,0,G,999.9,0
72205012815,5/17/2021,28.41822,-81.32413,27.1,"ORLANDO INTERNATIONAL AIRPORT, FL US",73.6,24,58.9,24,1020.7,24,17.1,24,10,24,8,24,15.9,22,84, ,63, ,0,G,999.9,0
72205012815,5/18/2021,28.41822,-81.32413,27.1,"ORLANDO INTERNATIONAL AIRPORT, FL US",75.7,24,62.6,24,1020.6,24,17,24,10,24,10.4,24,20,24.1,86, ,63, ,0,G,999.9,0
72205012815,5/19/2021,28.41822,-81.32413,27.1,"ORLANDO INTERNATIONAL AIRPORT, FL US",75.8,24,62.1,24,1020.7,24,17.1,24,10,24,11.2,24,17.1,24.1,86, ,68, ,0,G,999.9,10000
72205012815,5/20/2021,28.41822,-81.32413,27.1,"ORLANDO INTERNATIONAL AIRPORT, FL US",76,24,62.1,24,1022.4,24,18.7,24,10,24,12.8,24,19,27,86, ,68, ,0,G,999.9,0
72205012815,5/21/2021,28.41822,-81.32413,27.1,"ORLANDO INTERNATIONAL AIRPORT, FL US",75.3,24,60.8,24,1024.3,24,20.7,24,10,24,10.7,24,18.1,25.1,86, ,66.9, ,0.03,G,999.9,10000
72205012815,5/22/2021,28.41822,-81.32413,27.1,"ORLANDO INTERNATIONAL AIRPORT, FL US",75.4,24,60.1,24,1024.6,24,20.9,24,10,24,10.4,24,15.9,22.9,86, ,64, ,0,G,999.9,10000
72205012815,5/23/2021,28.41822,-81.32413,27.1,"ORLANDO INTERNATIONAL AIRPORT, FL US",74.9,24,59.4,24,1023,24,19.4,24,10,24,7,24,11.1,15.9,87.1, ,63, ,0,G,999.9,0
72205012815,5/24/2021,28.41822,-81.32413,27.1,"ORLANDO INTERNATIONAL AIRPORT, FL US",75.1,24,60,24,1021.5,24,17.9,24,10,24,4.3,24,13,999.9,89.1, ,63, ,0,G,999.9,100000
72205012815,5/25/2021,28.41822,-81.32413,27.1,"ORLANDO INTERNATIONAL AIRPORT, FL US",77,24,63.1,24,1022.2,24,18.6,24,10,24,6.7,24,13,20,91, ,63, ,0,G,999.9,100000
72205012815,5/26/2021,28.41822,-81.32413,27.1,"ORLANDO INTERNATIONAL AIRPORT, FL US",78.2,24,64.8,24,1022.5,24,18.8,24,10,24,6.6,24,12,999.9,91.9, ,66, ,0,G,999.9,100000
72205012815,5/27/2021,28.41822,-81.32413,27.1,"ORLANDO INTERNATIONAL AIRPORT, FL US",79.1,24,64.7,24,1019.9,24,16.3,24,9.8,24,6.1,24,14,999.9,91.9, ,66.9, ,0,G,999.9,0
72205012815,5/28/2021,28.41822,-81.32413,27.1,"ORLANDO INTERNATIONAL AIRPORT, FL US",80.4,24,65.7,24,1016.6,24,13,24,10,24,5.9,24,13,18.1,93.9, ,68, ,0,G,999.9,0
72205012815,5/29/2021,28.41822,-81.32413,27.1,"ORLANDO INTERNATIONAL AIRPORT, FL US",81.9,24,65.6,24,1013.2,24,9.5,24,10,24,7.3,24,24.1,28.9,93.9, ,69.1, ,0,G,999.9,0
72205012815,5/30/2021,28.41822,-81.32413,27.1,"ORLANDO INTERNATIONAL AIRPORT, FL US",79.5,24,67.5,24,1015.2,23,11.6,24,9.9,24,4.3,24,15.9,21,93, ,70, ,0,G,999.9,10010
72205012815,5/31/2021,28.41822,-81.32413,27.1,"ORLANDO INTERNATIONAL AIRPORT, FL US",78.7,24,68.3,24,1020.6,24,17,24,10,24,8.6,24,17.1,19,91.9, ,70, ,0,G,999.9,0
72205012815,6/1/2021,28.41822,-81.32413,27.1,"ORLANDO INTERNATIONAL AIRPORT, FL US",78.6,24,63.2,24,1020.9,24,17.3,24,10,24,9,24,15.9,17.1,93, ,66.9, ,0,G,999.9,0
72205012815,6/2/2021,28.41822,-81.32413,27.1,"ORLANDO INTERNATIONAL AIRPORT, FL US",78.2,24,68.6,24,1018,24,14.4,24,10,24,7,24,14,999.9,93, ,66.9, ,0,G,999.9,0
72205012815,6/3/2021,28.41822,-81.32413,27.1,"ORLANDO INTERNATIONAL AIRPORT, FL US",77.7,24,71.6,24,1016.8,20,13.3,24,9.8,24,7.9,24,14,20,89.1, ,71.1, ,0.01,G,999.9,10000
72205012815,6/4/2021,28.41822,-81.32413,27.1,"ORLANDO INTERNATIONAL AIRPORT, FL US",78,24,71.6,24,1017.5,22,13.8,24,9.8,24,5.6,24,13,22.9,90, ,71.1, ,0.04,G,999.9,10010
72205012815,6/5/2021,28.41822,-81.32413,27.1,"ORLANDO INTERNATIONAL AIRPORT, FL US",79.6,24,72.8,24,1017.6,24,14,24,10,24,5.7,24,15,21,90, ,72, ,0.2,G,999.9,10010
72205012815,6/6/2021,28.41822,-81.32413,27.1,"ORLANDO INTERNATIONAL AIRPORT, FL US",82,24,72.8,24,1018.3,24,14.6,24,10,24,8.4,24,17.1,20,93, ,72, ,0.05,G,999.9,0
72205012815,6/7/2021,28.41822,-81.32413,27.1,"ORLANDO INTERNATIONAL AIRPORT, FL US",82.4,24,72.2,24,1019.4,24,15.7,24,10,24,8.6,24,14,21,93, ,73.9, ,0,G,999.9,0
72205012815,6/8/2021,28.41822,-81.32413,27.1,"ORLANDO INTERNATIONAL AIRPORT, FL US",82.8,24,70,24,1020.5,24,16.9,24,10,24,9.4,24,14,21,93.9, ,75, ,0,G,999.9,0
72205012815,6/9/2021,28.41822,-81.32413,27.1,"ORLANDO INTERNATIONAL AIRPORT, FL US",82,24,69,24,1020.5,24,16.8,24,10,24,6.9,24,12,999.9,93.9, ,73, ,0,G,999.9,0
72205012815,6/10/2021,28.41822,-81.32413,27.1,"ORLANDO INTERNATIONAL AIRPORT, FL US",82.1,24,67.4,24,1018.2,24,14.6,24,9.9,24,5.4,24,11.1,999.9,93.9, ,72, ,0,G,999.9,0
72205012815,6/11/2021,28.41822,-81.32413,27.1,"ORLANDO INTERNATIONAL AIRPORT, FL US",84.2,24,70.3,24,1015.5,23,11.6,24,10,24,6.4,24,15.9,19,96.1, ,72, ,0,G,999.9,10010
72205012815,6/12/2021,28.41822,-81.32413,27.1,"ORLANDO INTERNATIONAL AIRPORT, FL US",83.1,24,70.7,24,1013,22,9.2,24,10,24,5.7,24,19,24.1,96.1, ,73.9, ,0,G,999.9,10010
72205012815,6/13/2021,28.41822,-81.32413,27.1,"ORLANDO INTERNATIONAL AIRPORT, FL US",80,24,71.4,24,1011.4,21,7.9,24,9.5,24,7.9,24,24.1,32.1,96.1, ,71.1, ,0.09,G,999.9,10010
72205012815,6/14/2021,28.41822,-81.32413,27.1,"ORLANDO INTERNATIONAL AIRPORT, FL US",77.7,24,71.9,24,1012.6,22,9,24,9.7,24,6.6,24,19,24.1,91, ,71.1, ,0.37,G,999.9,10010
72205012815,6/15/2021,28.41822,-81.32413,27.1,"ORLANDO INTERNATIONAL AIRPORT, FL US",76.6,24,72.2,24,1014.6,23,11,24,9.7,24,7.6,24,14,999.9,91, ,72, ,0.93,G,999.9,10010
72205012815,6/16/2021,28.41822,-81.32413,27.1,"ORLANDO INTERNATIONAL AIRPORT, FL US",78,24,71.9,24,1015.4,21,11.8,24,9.9,24,6.8,24,13,25.1,89.1, ,73, ,0.1,G,999.9,10010
72205012815,6/17/2021,28.41822,-81.32413,27.1,"ORLANDO INTERNATIONAL AIRPORT, FL US",78.5,24,70.1,24,1016.1,23,12.5,24,10,24,7.3,24,15.9,21,89.1, ,71.1, ,0.11,G,999.9,0
72205012815,6/18/2021,28.41822,-81.32413,27.1,"ORLANDO INTERNATIONAL AIRPORT, FL US",80.4,24,70.2,24,1018.1,24,14.5,24,10,24,4.2,24,8,999.9,90, ,71.1, ,0,G,999.9,0
72205012815,6/19/2021,28.41822,-81.32413,27.1,"ORLANDO INTERNATIONAL AIRPORT, FL US",83.2,24,73.5,24,1018.1,24,14.4,24,10,24,6,24,9.9,14,93, ,72, ,0,G,999.9,0
72205012815,6/20/2021,28.41822,-81.32413,27.1,"ORLANDO INTERNATIONAL AIRPORT, FL US",84.5,24,72.9,24,1017,24,13.4,24,10,24,7.8,24,11.1,19,93.9, ,77, ,0,G,999.9,0
72205012815,6/21/2021,28.41822,-81.32413,27.1,"ORLANDO INTERNATIONAL AIRPORT, FL US",82.6,24,73,24,1017.4,23,13.8,24,10,24,6.2,24,21,32.1,93.9, ,73.9, ,0,G,999.9,10010
72205012815,6/22/2021,28.41822,-81.32413,27.1,"ORLANDO INTERNATIONAL AIRPORT, FL US",78,24,72.5,24,1017.4,18,13.6,24,9.4,24,7,24,20,29.9,91.9,*,71.6,*,0.63,G,999.9,10010
72205012815,6/23/2021,28.41822,-81.32413,27.1,"ORLANDO INTERNATIONAL AIRPORT, FL US",78,24,72.3,24,1018.6,19,14.9,24,9.7,24,4.9,24,15,17.1,93, ,72, ,1.12,G,999.9,10010
72205012815,6/24/2021,28.41822,-81.32413,27.1,"ORLANDO INTERNATIONAL AIRPORT, FL US",78.6,24,72.3,24,1019.6,21,15.8,24,9.7,24,5.1,24,15,999.9,91.9, ,72, ,0.21,G,999.9,10010
72205012815,6/25/2021,28.41822,-81.32413,27.1,"ORLANDO INTERNATIONAL AIRPORT, FL US",77.3,24,72.4,24,1019.2,20,15.6,24,9.2,24,6.4,24,22.9,28.9,88, ,71.1, ,1.98,G,999.9,10010
72205012815,6/26/2021,28.41822,-81.32413,27.1,"ORLANDO INTERNATIONAL AIRPORT, FL US",77.1,24,73.5,24,1018.3,23,14.7,24,9.7,24,5.2,24,9.9,19,87.1, ,73, ,0.1,G,999.9,10010
72205012815,6/27/2021,28.41822,-81.32413,27.1,"ORLANDO INTERNATIONAL AIRPORT, FL US",80.7,24,72.8,24,1018.1,24,14.5,24,10,24,7.2,24,15,999.9,90, ,73, ,0.11,G,999.9,0
72205012815,6/28/2021,28.41822,-81.32413,27.1,"ORLANDO INTERNATIONAL AIRPORT, FL US",81,24,71.3,24,1018.8,24,15.2,24,10,24,7.1,24,13,999.9,90, ,73.9, ,0,G,999.9,0
72205012815,6/29/2021,28.41822,-81.32413,27.1,"ORLANDO INTERNATIONAL AIRPORT, FL US",79.7,24,73.4,24,1020.4,19,16.9,24,10,24,6.8,24,15,21,90, ,73, ,0,G,999.9,10010
72205012815,6/30/2021,28.41822,-81.32413,27.1,"ORLANDO INTERNATIONAL AIRPORT, FL US",77.2,24,73.2,24,1020.2,20,16.6,24,10,24,5.3,24,14,17.1,87.1, ,73, ,0.27,G,999.9,10010
72205012815,7/1/2021,28.41822,-81.32413,27.1,"ORLANDO INTERNATIONAL AIRPORT, FL US",78.4,24,73.4,24,1017.1,23,13.5,24,10,24,5.2,24,15.9,21,87.1, ,73, ,0.74,G,999.9,10010
72205012815,7/2/2021,28.41822,-81.32413,27.1,"ORLANDO INTERNATIONAL AIRPORT, FL US",77.1,24,73.4,24,1015.3,18,11.6,24,10,24,4.9,24,17.1,24.1,87.1, ,71.1, ,0.13,G,999.9,10010
72205012815,7/3/2021,28.41822,-81.32413,27.1,"ORLANDO INTERNATIONAL AIRPORT, FL US",77.1,24,74,24,1014.3,20,10.7,24,9.5,24,7.5,24,12,17.1,86, ,71.1, ,0.08,G,999.9,10010
72205012815,7/4/2021,28.41822,-81.32413,27.1,"ORLANDO INTERNATIONAL AIRPORT, FL US",78.6,24,73.3,24,1015.1,21,11.5,24,8.3,24,5.6,24,11.1,999.9,91, ,72, ,0.57,G,999.9,10010
72205012815,7/5/2021,28.41822,-81.32413,27.1,"ORLANDO INTERNATIONAL AIRPORT, FL US",79.4,24,73.8,24,1016.6,23,13,24,9.2,24,3.8,24,13,999.9,91, ,73, ,0,G,999.9,10010
72205012815,7/6/2021,28.41822,-81.32413,27.1,"ORLANDO INTERNATIONAL AIRPORT, FL US",78.7,24,73.5,24,1017.9,24,14.3,24,10,24,7.6,24,15,24.1,91, ,73, ,0.01,G,999.9,10000
72205012815,7/7/2021,28.41822,-81.32413,27.1,"ORLANDO INTERNATIONAL AIRPORT, FL US",80.9,24,75,24,1015.5,24,11.9,24,9.5,24,12.5,24,19,28.9,88, ,73, ,0.68,G,999.9,10000
72205012815,7/8/2021,28.41822,-81.32413,27.1,"ORLANDO INTERNATIONAL AIRPORT, FL US",79.7,24,73.5,24,1017.4,21,13.8,24,9.7,24,6.8,24,14,25.1,89.1,*,73,*,0.02,G,999.9,10010
72205012815,7/9/2021,28.41822,-81.32413,27.1,"ORLANDO INTERNATIONAL AIRPORT, FL US",81.7,24,73.4,24,1020.2,24,16.6,24,9.8,24,3.9,24,18.1,22,93.9, ,73, ,0.37,G,999.9,10010
72205012815,7/10/2021,28.41822,-81.32413,27.1,"ORLANDO INTERNATIONAL AIRPORT, FL US",81.1,24,71.1,24,1020.4,23,16.7,24,10,24,3.8,24,13,21,95, ,73, ,0.07,G,999.9,10010
72205012815,7/11/2021,28.41822,-81.32413,27.1,"ORLANDO INTERNATIONAL AIRPORT, FL US",81.2,24,72.9,24,1020,24,16.3,24,10,24,2.9,24,9.9,999.9,95, ,73, ,0,G,999.9,10010
72205012815,7/12/2021,28.41822,-81.32413,27.1,"ORLANDO INTERNATIONAL AIRPORT, FL US",79.2,24,72.5,24,1021.6,23,18,24,10,24,5.1,24,19,31.1,91.9, ,72, ,0.03,G,999.9,10010
72205012815,7/13/2021,28.41822,-81.32413,27.1,"ORLANDO INTERNATIONAL AIRPORT, FL US",80.7,24,71.6,24,1023,24,19.3,24,10,24,6.2,24,12,999.9,91, ,72, ,0.08,G,999.9,0
72205012815,7/14/2021,28.41822,-81.32413,27.1,"ORLANDO INTERNATIONAL AIRPORT, FL US",80.5,24,73.5,24,1023.2,23,19.6,24,9.7,24,6.1,24,15,20,91, ,73, ,0,G,999.9,10010
72205012815,7/15/2021,28.41822,-81.32413,27.1,"ORLANDO INTERNATIONAL AIRPORT, FL US",82.2,24,73.1,24,1021.6,24,17.9,24,9.9,24,5.8,24,15,21,93, ,75, ,0.12,G,999.9,0
72205012815,7/16/2021,28.41822,-81.32413,27.1,"ORLANDO INTERNATIONAL AIRPORT, FL US",83.2,24,71.8,24,1019.9,24,16.2,24,10,24,5.8,24,12,19,93.9, ,75, ,0,G,999.9,0
72205012815,7/17/2021,28.41822,-81.32413,27.1,"ORLANDO INTERNATIONAL AIRPORT, FL US",84.5,24,71.2,24,1020.5,24,16.8,24,10,24,5.6,24,11.1,17.1,93.9, ,75, ,0,G,999.9,0
72205012815,7/18/2021,28.41822,-81.32413,27.1,"ORLANDO INTERNATIONAL AIRPORT, FL US",83.5,24,72.5,24,1020.9,23,17.2,24,10,24,5.7,24,17.1,26,95, ,75.9, ,0,G,999.9,10010
72205012815,7/19/2021,28.41822,-81.32413,27.1,"ORLANDO INTERNATIONAL AIRPORT, FL US",82.7,24,73.4,24,1019.6,20,15.8,24,10,24,6.5,24,25.1,34,91.9,*,73.4,*,0.01,G,999.9,10010
72205012815,7/20/2021,28.41822,-81.32413,27.1,"ORLANDO INTERNATIONAL AIRPORT, FL US",82.3,24,73.1,24,1016.8,24,13.3,24,9.7,24,5.2,24,17.1,29.9,93.9, ,73.9, ,1.64,G,999.9,10010
72205012815,7/21/2021,28.41822,-81.32413,27.1,"ORLANDO INTERNATIONAL AIRPORT, FL US",82.4,24,74.3,24,1017.6,21,14,24,10,24,4.7,24,8.9,999.9,93.9, ,73.9, ,0.16,G,999.9,10010
72205012815,7/22/2021,28.41822,-81.32413,27.1,"ORLANDO INTERNATIONAL AIRPORT, FL US",85.8,24,74,24,1020,23,16.3,24,10,24,5.3,24,17.1,25.1,97, ,75, ,0,G,999.9,10010
72205012815,7/23/2021,28.41822,-81.32413,27.1,"ORLANDO INTERNATIONAL AIRPORT, FL US",81.9,24,75.7,24,1018.9,20,15.3,24,9.6,24,5.4,24,15.9,22.9,97, ,75.9, ,0.35,G,999.9,10010
72205012815,7/24/2021,28.41822,-81.32413,27.1,"ORLANDO INTERNATIONAL AIRPORT, FL US",81.7,24,73.3,24,1015.6,21,12.1,24,9.2,24,6.4,24,13,999.9,93.9,*,75.2,*,0.47,G,999.9,10000
72205012815,7/25/2021,28.41822,-81.32413,27.1,"ORLANDO INTERNATIONAL AIRPORT, FL US",84,24,74,24,1014,24,10.4,24,10,24,8.6,24,14,20,95, ,75.9, ,0,G,999.9,0
72205012815,7/26/2021,28.41822,-81.32413,27.1,"ORLANDO INTERNATIONAL AIRPORT, FL US",83.6,24,74.6,24,1013.5,24,9.9,24,10,24,3.9,24,12,999.9,95, ,75.9, ,0,G,999.9,10
72205012815,7/27/2021,28.41822,-81.32413,27.1,"ORLANDO INTERNATIONAL AIRPORT, FL US",81.6,24,75.4,24,1015.4,21,11.9,24,9.7,24,4.9,24,15,999.9,93, ,75.9, ,0,G,999.9,10010
72205012815,7/28/2021,28.41822,-81.32413,27.1,"ORLANDO INTERNATIONAL AIRPORT, FL US",80.7,24,75.8,24,1016.4,23,12.8,24,9.1,24,5.4,24,21,26,91.9, ,75, ,0.38,G,999.9,10010
72205012815,7/29/2021,28.41822,-81.32413,27.1,"ORLANDO INTERNATIONAL AIRPORT, FL US",81,24,74.6,24,1016.3,21,12.8,24,9.5,24,3.7,24,19,27,93.9, ,75, ,0.97,G,999.9,10010
72205012815,7/30/2021,28.41822,-81.32413,27.1,"ORLANDO INTERNATIONAL AIRPORT, FL US",82.1,24,74.2,24,1016.9,23,13.3,24,9.9,24,5,24,11.1,999.9,93.9, ,75, ,0.3,G,999.9,10000
72205012815,7/31/2021,28.41822,-81.32413,27.1,"ORLANDO INTERNATIONAL AIRPORT, FL US",86.3,24,74.1,24,1017.4,24,13.8,24,10,24,6.2,24,12,999.9,95, ,75, ,0,G,999.9,0
72205012815,8/1/2021,28.41822,-81.32413,27.1,"ORLANDO INTERNATIONAL AIRPORT, FL US",85.2,24,74.5,24,1017,24,13.4,24,10,24,6.1,24,19,25.1,95, ,77, ,0,G,999.9,10010
72205012815,8/2/2021,28.41822,-81.32413,27.1,"ORLANDO INTERNATIONAL AIRPORT, FL US",82,24,75.1,24,1016.9,19,13.3,24,9.5,24,4.4,24,8.9,999.9,93.9, ,75, ,0.12,G,999.9,10010
72205012815,8/3/2021,28.41822,-81.32413,27.1,"ORLANDO INTERNATIONAL AIRPORT, FL US",80,24,73,24,1015.7,24,12,24,10,24,7.4,24,13,19,93.9, ,75, ,0.55,G,999.9,0
72205012815,8/4/2021,28.41822,-81.32413,27.1,"ORLANDO INTERNATIONAL AIRPORT, FL US",78.7,24,73.2,24,1015.7,16,11.9,24,9.5,24,9.4,24,15.9,22.9,90, ,75, ,0,G,999.9,10000
72205012815,8/5/2021,28.41822,-81.32413,27.1,"ORLANDO INTERNATIONAL AIRPORT, FL US",80.5,24,72.9,24,1017.5,24,13.8,24,10,24,7.5,24,13,999.9,90, ,75, ,0.16,G,999.9,0
72205012815,8/6/2021,28.41822,-81.32413,27.1,"ORLANDO INTERNATIONAL AIRPORT, FL US",83.8,24,72.8,24,1019,23,15.3,24,9.9,24,4.2,24,11.1,18.1,96.1, ,75, ,0,G,999.9,10010
72205012815,8/7/2021,28.41822,-81.32413,27.1,"ORLANDO INTERNATIONAL AIRPORT, FL US",82.2,24,74.4,24,1018.5,20,15,24,9.5,24,4.2,24,13,20,96.1, ,75, ,2.49,G,999.9,10010
72205012815,8/8/2021,28.41822,-81.32413,27.1,"ORLANDO INTERNATIONAL AIRPORT, FL US",83.5,24,74.5,24,1018.3,23,14.6,24,10,24,3.1,24,13,22.9,97, ,75.9, ,0,G,999.9,10010
72205012815,8/9/2021,28.41822,-81.32413,27.1,"ORLANDO INTERNATIONAL AIRPORT, FL US",83.6,24,75.4,24,1019.4,24,15.8,24,10,24,3.4,24,9.9,999.9,97, ,77, ,0.01,G,999.9,10010
72205012815,8/10/2021,28.41822,-81.32413,27.1,"ORLANDO INTERNATIONAL AIRPORT, FL US",83.5,24,74.5,24,1020.9,24,17.2,24,10,24,5.2,24,13,999.9,93.9, ,77, ,0,G,999.9,10010
72205012815,8/11/2021,28.41822,-81.32413,27.1,"ORLANDO INTERNATIONAL AIRPORT, FL US",82.2,24,74.4,24,1020.4,24,16.8,24,9.9,24,4.5,24,18.1,24.1,91.9, ,77, ,0,G,999.9,10010
72205012815,8/12/2021,28.41822,-81.32413,27.1,"ORLANDO INTERNATIONAL AIRPORT, FL US",83.7,24,74.3,24,1019.5,24,15.9,24,10,24,4.9,24,12,999.9,93.9, ,77, ,0.6,G,999.9,10010
72205012815,8/13/2021,28.41822,-81.32413,27.1,"ORLANDO INTERNATIONAL AIRPORT, FL US",83.2,24,74.5,24,1019.3,23,15.6,24,9.7,24,7.1,24,13,17.1,93.9, ,77, ,0,G,999.9,10010
72205012815,8/14/2021,28.41822,-81.32413,27.1,"ORLANDO INTERNATIONAL AIRPORT, FL US",80.4,24,75.1,24,1018.9,22,15.3,24,9.9,24,4.5,24,12,999.9,91.9, ,77, ,0.07,G,999.9,10010
72205012815,8/15/2021,28.41822,-81.32413,27.1,"ORLANDO INTERNATIONAL AIRPORT, FL US",80.8,24,74.1,24,1017.4,24,13.8,24,10,24,7.3,24,13,25.1,90, ,77, ,0.06,G,999.9,10010
72205012815,8/16/2021,28.41822,-81.32413,27.1,"ORLANDO INTERNATIONAL AIRPORT, FL US",83.5,24,76,24,1014.5,24,10.9,24,9.7,24,6.5,24,12,999.9,93, ,77, ,0.06,G,999.9,10010
72205012815,8/17/2021,28.41822,-81.32413,27.1,"ORLANDO INTERNATIONAL AIRPORT, FL US",84.3,24,75.8,24,1015.7,23,11.9,24,10,24,6.2,24,15,20,95, ,78.1, ,0.24,G,999.9,10010
72205012815,8/18/2021,28.41822,-81.32413,27.1,"ORLANDO INTERNATIONAL AIRPORT, FL US",85.5,24,75.8,24,1019.1,24,15.5,24,10,24,5.6,24,13,19,95, ,78.1, ,0,G,999.9,0
72205012815,8/19/2021,28.41822,-81.32413,27.1,"ORLANDO INTERNATIONAL AIRPORT, FL US",85.7,24,74.9,24,1019.1,24,15.4,24,10,24,4.7,24,11.1,999.9,97, ,78.1, ,0,G,999.9,0
72205012815,8/20/2021,28.41822,-81.32413,27.1,"ORLANDO INTERNATIONAL AIRPORT, FL US",84.1,24,74.3,24,1014.9,24,11.3,24,9.7,24,5.5,24,25.1,33,98.1, ,75.9, ,0,G,999.9,10010
72205012815,8/21/2021,28.41822,-81.32413,27.1,"ORLANDO INTERNATIONAL AIRPORT, FL US",84.6,24,74.5,24,1014,24,10.4,24,10,24,3.3,24,9.9,999.9,98.1, ,75.9, ,0.72,G,999.9,10010
72205012815,8/22/2021,28.41822,-81.32413,27.1,"ORLANDO INTERNATIONAL AIRPORT, FL US",83.7,24,73.5,24,1015.8,24,12.2,24,10,24,4.2,24,11.1,999.9,96.1, ,77, ,0,G,999.9,10010
72205012815,8/23/2021,28.41822,-81.32413,27.1,"ORLANDO INTERNATIONAL AIRPORT, FL US",84.3,24,73.9,24,1016,24,12.4,24,10,24,3.9,24,8.9,999.9,95, ,77, ,0,G,999.9,0
72205012815,8/24/2021,28.41822,-81.32413,27.1,"ORLANDO INTERNATIONAL AIRPORT, FL US",82.6,24,71.8,24,1016.6,23,12.9,24,10,24,4.5,24,13,18.1,91.9, ,75.9, ,0,G,999.9,10010
72205012815,8/25/2021,28.41822,-81.32413,27.1,"ORLANDO INTERNATIONAL AIRPORT, FL US",80.9,24,70.9,24,1017.7,23,14.2,24,9.9,24,6.8,24,12,28,93, ,72, ,0.4,G,999.9,10010
72205012815,8/26/2021,28.41822,-81.32413,27.1,"ORLANDO INTERNATIONAL AIRPORT, FL US",81.6,24,73,24,1016.8,22,13.4,24,10,24,7.2,24,25.1,31.1,93, ,72, ,0.34,G,999.9,10010
72205012815,8/27/2021,28.41822,-81.32413,27.1,"ORLANDO INTERNATIONAL AIRPORT, FL US",80.9,24,75.9,24,1016.3,20,12.7,24,9.6,24,6.7,24,17.1,26,91.9, ,73, ,0.26,G,999.9,10010
72205012815,8/28/2021,28.41822,-81.32413,27.1,"ORLANDO INTERNATIONAL AIRPORT, FL US",83.4,24,76.3,24,1017.5,23,13.8,24,10,24,8.7,24,14,19,91.9, ,77, ,0.06,G,999.9,10010
72205012815,8/29/2021,28.41822,-81.32413,27.1,"ORLANDO INTERNATIONAL AIRPORT, FL US",85,24,76.3,24,1018.5,24,14.9,24,10,24,6.8,24,12,15.9,93.9, ,78.1, ,0,G,999.9,0
72205012815,8/30/2021,28.41822,-81.32413,27.1,"ORLANDO INTERNATIONAL AIRPORT, FL US",84.4,24,73.8,24,1016.6,24,13,24,10,24,4.1,24,11.1,999.9,93.9, ,77, ,0,G,999.9,0
72205012815,8/31/2021,28.41822,-81.32413,27.1,"ORLANDO INTERNATIONAL AIRPORT, FL US",83.7,24,73.5,24,1013.1,24,9.5,24,10,24,6.1,24,11.1,20,95, ,77, ,0,G,999.9,0
72205012815,9/1/2021,28.41822,-81.32413,27.1,"ORLANDO INTERNATIONAL AIRPORT, FL US",81.4,24,72.5,24,1012.4,24,8.8,24,9.8,24,9.1,24,19,28,95, ,77, ,0,G,999.9,10000
72205012815,9/2/2021,28.41822,-81.32413,27.1,"ORLANDO INTERNATIONAL AIRPORT, FL US",81.8,24,72.8,24,1012.3,24,8.7,24,9.6,24,8.7,24,20,26,93, ,75.9, ,0,G,999.9,10010
72205012815,9/3/2021,28.41822,-81.32413,27.1,"ORLANDO INTERNATIONAL AIRPORT, FL US",80.6,24,73.3,24,1013.7,23,10,24,9.1,24,5.5,24,20,21,93.9, ,75, ,0.92,G,999.9,10010
72205012815,9/4/2021,28.41822,-81.32413,27.1,"ORLANDO INTERNATIONAL AIRPORT, FL US",81.8,24,73.2,24,1014.1,24,10.5,24,10,24,5.1,24,12,999.9,95, ,75, ,0.3,G,999.9,10000
72205012815,9/5/2021,28.41822,-81.32413,27.1,"ORLANDO INTERNATIONAL AIRPORT, FL US",82.8,24,70.8,24,1014.1,24,10.5,24,10,24,3.5,24,8,999.9,95, ,75, ,0,G,999.9,10010
72205012815,9/6/2021,28.41822,-81.32413,27.1,"ORLANDO INTERNATIONAL AIRPORT, FL US",82.5,24,73.3,24,1014.6,23,10.9,24,9.6,24,3.8,24,13,18.1,93.9, ,75, ,0,G,999.9,10010
72205012815,9/7/2021,28.41822,-81.32413,27.1,"ORLANDO INTERNATIONAL AIRPORT, FL US",83.2,24,73.3,24,1014.7,23,11,24,9.9,24,2.8,24,18.1,22,93.9, ,75.9, ,0.31,G,999.9,10010
72205012815,9/8/2021,28.41822,-81.32413,27.1,"ORLANDO INTERNATIONAL AIRPORT, FL US",82.1,24,73.4,24,1014.9,21,11,24,9.7,24,3.7,24,20,27,93.9, ,75, ,0.19,G,999.9,10010
72205012815,9/9/2021,28.41822,-81.32413,27.1,"ORLANDO INTERNATIONAL AIRPORT, FL US",78.2,24,73.8,24,1013.4,21,10,24,9.7,24,7.7,24,20,27,93, ,75, ,1.75,G,999.9,10010
72205012815,9/10/2021,28.41822,-81.32413,27.1,"ORLANDO INTERNATIONAL AIRPORT, FL US",81,24,73,24,1014.7,23,11.1,24,10,24,4.5,24,12,18.1,91.9, ,75, ,0.1,G,999.9,10010
72205012815,9/11/2021,28.41822,-81.32413,27.1,"ORLANDO INTERNATIONAL AIRPORT, FL US",79.5,24,72.9,24,1018.9,22,15.2,24,10,24,4.1,24,12,999.9,91.9, ,75, ,0,G,999.9,10010
72205012815,9/12/2021,28.41822,-81.32413,27.1,"ORLANDO INTERNATIONAL AIRPORT, FL US",81.5,24,75.6,24,1021.6,24,17.9,24,10,24,7.9,24,14,999.9,90, ,75, ,0.05,G,999.9,10010
72205012815,9/13/2021,28.41822,-81.32413,27.1,"ORLANDO INTERNATIONAL AIRPORT, FL US",83,24,73.7,24,1020.7,24,17.1,24,10,24,7.6,24,12,17.1,93, ,77, ,0.13,G,999.9,10010
72205012815,9/14/2021,28.41822,-81.32413,27.1,"ORLANDO INTERNATIONAL AIRPORT, FL US",80.9,24,74.2,24,1017,24,13.4,24,10,24,5.1,24,13,22,93, ,75, ,0,G,999.9,10010
72205012815,9/15/2021,28.41822,-81.32413,27.1,"ORLANDO INTERNATIONAL AIRPORT, FL US",82.2,24,73.2,24,1014.3,24,10.6,24,10,24,3.9,24,11.1,999.9,91.9, ,75, ,0.27,G,999.9,10000
72205012815,9/16/2021,28.41822,-81.32413,27.1,"ORLANDO INTERNATIONAL AIRPORT, FL US",81.3,24,73.2,24,1014.2,24,10.6,24,10,24,3.6,24,8,999.9,91.9, ,75, ,0,G,999.9,10010
72205012815,9/17/2021,28.41822,-81.32413,27.1,"ORLANDO INTERNATIONAL AIRPORT, FL US",80,24,74.9,24,1017.6,18,14,24,9.9,24,3.3,24,13,18.1,90, ,75, ,0.04,G,999.9,10010
72205012815,9/18/2021,28.41822,-81.32413,27.1,"ORLANDO INTERNATIONAL AIRPORT, FL US",80.3,24,73.8,24,1017.7,18,14,24,9.7,24,2.4,24,8,999.9,91, ,75.9, ,0.13,G,999.9,10010
72205012815,9/19/2021,28.41822,-81.32413,27.1,"ORLANDO INTERNATIONAL AIRPORT, FL US",80.8,24,74.6,24,1016.3,20,12.5,24,9.6,24,2.6,24,9.9,999.9,91, ,75.9, ,0.02,G,999.9,10010
72205012815,9/20/2021,28.41822,-81.32413,27.1,"ORLANDO INTERNATIONAL AIRPORT, FL US",79.6,24,73.8,24,1015.9,21,12.3,24,9.5,24,3.4,24,13,999.9,91, ,75, ,0.1,G,999.9,10010
72205012815,9/21/2021,28.41822,-81.32413,27.1,"ORLANDO INTERNATIONAL AIRPORT, FL US",79.4,24,73.6,24,1017,22,13.3,24,9.9,24,3.8,24,14,19,91.9, ,75, ,0.23,G,999.9,10010
72205012815,9/22/2021,28.41822,-81.32413,27.1,"ORLANDO INTERNATIONAL AIRPORT, FL US",80.1,24,73,24,1014.2,21,11,24,10,24,4.4,24,14,20,88,*,73.4,*,0.01,G,999.9,10010
72205012815,9/23/2021,28.41822,-81.32413,27.1,"ORLANDO INTERNATIONAL AIRPORT, FL US",80.7,24,73.1,24,1011.9,21,8.3,24,9.6,24,5.5,24,13,999.9,91, ,73.9, ,1.02,G,999.9,10010
72205012815,9/24/2021,28.41822,-81.32413,27.1,"ORLANDO INTERNATIONAL AIRPORT, FL US",79.6,24,69.4,24,1014.5,24,10.9,24,9.9,24,7,24,13,999.9,91, ,73.9, ,0.08,G,999.9,10000
72205012815,9/25/2021,28.41822,-81.32413,27.1,"ORLANDO INTERNATIONAL AIRPORT, FL US",80.9,24,69.7,24,1015.9,24,12.2,24,10,24,6,24,15,999.9,91.9, ,73, ,0,G,999.9,0
72205012815,9/26/2021,28.41822,-81.32413,27.1,"ORLANDO INTERNATIONAL AIRPORT, FL US",79.8,24,68.7,24,1017.7,24,14.1,24,10,24,5.9,24,12,999.9,91.9, ,73, ,0,G,999.9,0
72205012815,9/27/2021,28.41822,-81.32413,27.1,"ORLANDO INTERNATIONAL AIRPORT, FL US",78.5,24,65.4,24,1018.7,24,15.1,24,10,24,5.3,24,12,999.9,90, ,70, ,0,G,999.9,0
72205012815,9/28/2021,28.41822,-81.32413,27.1,"ORLANDO INTERNATIONAL AIRPORT, FL US",78.4,24,62.7,24,1017.3,24,13.6,24,10,24,4,24,8.9,19,90, ,70, ,0,G,999.9,0
72205012815,9/29/2021,28.41822,-81.32413,27.1,"ORLANDO INTERNATIONAL AIRPORT, FL US",77.9,24,65.7,24,1016,24,12.3,24,10,24,4.6,24,8.9,999.9,90, ,69.1, ,0,G,999.9,0
72205012815,9/30/2021,28.41822,-81.32413,27.1,"ORLANDO INTERNATIONAL AIRPORT, FL US",79.1,24,67.5,24,1017,24,13.3,24,10,24,5.8,24,12,999.9,89.1, ,69.1, ,0,G,999.9,0
72205012815,10/1/2021,28.41822,-81.32413,27.1,"ORLANDO INTERNATIONAL AIRPORT, FL US",79.5,24,67.6,24,1018.5,24,14.9,24,10,24,6.8,24,15.9,21,91, ,70, ,0,G,999.9,0
72205012815,10/2/2021,28.41822,-81.32413,27.1,"ORLANDO INTERNATIONAL AIRPORT, FL US",80.5,24,69.4,24,1019.5,24,15.9,24,10,24,6.6,24,13,15.9,91, ,70, ,0.18,G,999.9,0
72205012815,10/3/2021,28.41822,-81.32413,27.1,"ORLANDO INTERNATIONAL AIRPORT, FL US",80.2,24,67,24,1017.6,24,14,24,10,24,5.3,24,11.1,15.9,90, ,73, ,0,G,999.9,0
72205012815,10/4/2021,28.41822,-81.32413,27.1,"ORLANDO INTERNATIONAL AIRPORT, FL US",79.4,24,68,24,1015.2,24,11.6,24,10,24,3.9,24,11.1,999.9,91, ,71.1, ,0,G,999.9,0
72205012815,10/5/2021,28.41822,-81.32413,27.1,"ORLANDO INTERNATIONAL AIRPORT, FL US",80.1,24,69.4,24,1015.3,24,11.6,24,10,24,4.4,24,9.9,999.9,91, ,71.1, ,0,G,999.9,0
72205012815,10/6/2021,28.41822,-81.32413,27.1,"ORLANDO INTERNATIONAL AIRPORT, FL US",82.2,24,72,24,1017.1,24,13.4,24,10,24,4.1,24,8.9,999.9,93, ,72, ,0,G,999.9,0
72205012815,10/7/2021,28.41822,-81.32413,27.1,"ORLANDO INTERNATIONAL AIRPORT, FL US",82.3,24,73.2,24,1017.8,24,14.1,24,10,24,3.8,24,15,999.9,95, ,73, ,0,G,999.9,100010
72205012815,10/8/2021,28.41822,-81.32413,27.1,"ORLANDO INTERNATIONAL AIRPORT, FL US",80.9,24,74.5,24,1016.4,19,12.5,24,8.8,24,5,24,17.1,22,95, ,73, ,0,G,999.9,110010
72205012815,10/9/2021,28.41822,-81.32413,27.1,"ORLANDO INTERNATIONAL AIRPORT, FL US",78.2,24,70,24,1013.6,21,10.1,24,9.7,24,5.1,24,13,999.9,91, ,72, ,0.37,G,999.9,0
72205012815,10/10/2021,28.41822,-81.32413,27.1,"ORLANDO INTERNATIONAL AIRPORT, FL US",78.5,24,69,24,1012.5,24,8.8,24,10,24,6.1,24,9.9,999.9,90, ,72, ,0,G,999.9,10000
72205012815,10/11/2021,28.41822,-81.32413,27.1,"ORLANDO INTERNATIONAL AIRPORT, FL US",77.5,24,69.4,24,1012.6,24,9,24,10,24,5.4,24,12,999.9,90, ,70, ,0,G,999.9,10000
72205012815,10/12/2021,28.41822,-81.32413,27.1,"ORLANDO INTERNATIONAL AIRPORT, FL US",79.5,24,70.5,24,1014.4,24,10.8,24,10,24,6.1,24,13,999.9,90, ,70, ,0.22,G,999.9,0
72205012815,10/13/2021,28.41822,-81.32413,27.1,"ORLANDO INTERNATIONAL AIRPORT, FL US",80.2,24,72.2,24,1014.8,24,11.2,24,10,24,6.1,24,11.1,999.9,91, ,72, ,0,G,999.9,10000
72205012815,10/14/2021,28.41822,-81.32413,27.1,"ORLANDO INTERNATIONAL AIRPORT, FL US",80.3,24,71.2,24,1014,23,10.4,24,10,24,5.4,24,9.9,999.9,91, ,73, ,0.09,G,999.9,0
72205012815,10/15/2021,28.41822,-81.32413,27.1,"ORLANDO INTERNATIONAL AIRPORT, FL US",80.3,24,69.9,24,1013.9,24,10.3,24,10,24,4.7,24,9.9,999.9,91, ,73, ,0,G,999.9,0
72205012815,10/16/2021,28.41822,-81.32413,27.1,"ORLANDO INTERNATIONAL AIRPORT, FL US",79.6,24,67.2,24,1013.9,24,10.3,24,10,24,3,24,8,999.9,91, ,71.1, ,0,G,999.9,0
72205012815,10/17/2021,28.41822,-81.32413,27.1,"ORLANDO INTERNATIONAL AIRPORT, FL US",77.9,24,64.2,24,1015.1,23,11.3,24,10,24,7.9,24,15,999.9,90, ,70, ,0,G,999.9,10000
72205012815,10/18/2021,28.41822,-81.32413,27.1,"ORLANDO INTERNATIONAL AIRPORT, FL US",71.8,24,56.9,24,1018.4,24,14.8,24,10,24,8.9,24,13,15,86, ,62.1, ,0,G,999.9,0
72205012815,10/19/2021,28.41822,-81.32413,27.1,"ORLANDO INTERNATIONAL AIRPORT, FL US",74.3,24,59.7,24,1020.1,24,16.5,24,10,24,7.8,24,14,20,84.9, ,62.1, ,0,G,999.9,0
72205012815,10/20/2021,28.41822,-81.32413,27.1,"ORLANDO INTERNATIONAL AIRPORT, FL US",75.1,24,59.9,24,1022.2,24,18.5,24,10,24,6.9,24,13,17.1,87.1, ,64, ,0,G,999.9,0
72205012815,10/21/2021,28.41822,-81.32413,27.1,"ORLANDO INTERNATIONAL AIRPORT, FL US",76.3,24,62.1,24,1020.9,24,17.2,24,10,24,5.3,24,9.9,999.9,89.1, ,64, ,0,G,999.9,0
72205012815,10/22/2021,28.41822,-81.32413,27.1,"ORLANDO INTERNATIONAL AIRPORT, FL US",78,24,66,24,1017.4,24,13.8,24,10,24,2.2,24,12,15.9,90, ,68, ,0,G,999.9,0
72205012815,10/23/2021,28.41822,-81.32413,27.1,"ORLANDO INTERNATIONAL AIRPORT, FL US",78.6,24,67.8,24,1015.6,24,12.1,24,10,24,4.2,24,11.1,999.9,90, ,69.1, ,0,G,999.9,0
72205012815,10/24/2021,28.41822,-81.32413,27.1,"ORLANDO INTERNATIONAL AIRPORT, FL US",78.1,24,70.9,24,1016.4,23,12.7,24,9.3,24,7.1,24,20,26,90, ,70, ,0,G,999.9,10010
72205012815,10/25/2021,28.41822,-81.32413,27.1,"ORLANDO INTERNATIONAL AIRPORT, FL US",78.9,24,74.2,24,1014.2,18,10.5,24,9.7,24,6,24,13,22,88, ,73, ,1.05,G,999.9,10010
72205012815,10/26/2021,28.41822,-81.32413,27.1,"ORLANDO INTERNATIONAL AIRPORT, FL US",79.2,24,70.4,24,1011.6,24,8,24,10,24,8.9,24,15.9,24.1,89.1, ,73, ,0.02,G,999.9,0
72205012815,10/27/2021,28.41822,-81.32413,27.1,"ORLANDO INTERNATIONAL AIRPORT, FL US",73.2,24,58,24,1011,24,7.4,24,10,24,4.8,24,8.9,999.9,89.1, ,62.1, ,0,G,999.9,0
72205012815,10/28/2021,28.41822,-81.32413,27.1,"ORLANDO INTERNATIONAL AIRPORT, FL US",73.8,24,67.7,24,1008.8,23,5.4,24,9.5,24,6.3,24,15,33,84.9, ,62.1, ,0,G,999.9,10010
72205012815,10/29/2021,28.41822,-81.32413,27.1,"ORLANDO INTERNATIONAL AIRPORT, FL US",74.9,24,64.2,24,1005.8,24,2.2,24,10,24,10.4,24,21,28.9,84.9, ,66, ,1.26,G,999.9,10000
72205012815,10/30/2021,28.41822,-81.32413,27.1,"ORLANDO INTERNATIONAL AIRPORT, FL US",68.7,24,59.3,24,1007.4,24,3.7,24,10,24,6.5,24,15,21,84, ,64, ,0.02,G,999.9,10000
72205012815,10/31/2021,28.41822,-81.32413,27.1,"ORLANDO INTERNATIONAL AIRPORT, FL US",67.8,24,56.9,24,1013.3,24,9.7,24,10,24,5.9,24,12,22,75, ,62.1, ,0.01,G,999.9,0
72205012815,11/1/2021,28.41822,-81.32413,27.1,"ORLANDO INTERNATIONAL AIRPORT, FL US",67,24,55.4,24,1019,24,15.4,24,10,24,5.1,24,9.9,999.9,81, ,57.9, ,0,G,999.9,0
72205012815,11/2/2021,28.41822,-81.32413,27.1,"ORLANDO INTERNATIONAL AIRPORT, FL US",73.4,24,61.8,24,1019.5,24,15.8,24,10,24,5.4,24,12,999.9,84.9, ,57.9, ,0,G,999.9,0
72205012815,11/3/2021,28.41822,-81.32413,27.1,"ORLANDO INTERNATIONAL AIRPORT, FL US",73.6,24,63.5,24,1018.7,24,15.1,24,9.8,24,5.3,24,11.1,999.9,84.9, ,64, ,0,G,999.9,100000
72205012815,11/4/2021,28.41822,-81.32413,27.1,"ORLANDO INTERNATIONAL AIRPORT, FL US",71.5,24,65.8,24,1017.7,24,14.1,24,9.9,24,7,24,12,999.9,84.9, ,64, ,0,G,999.9,0
72205012815,11/5/2021,28.41822,-81.32413,27.1,"ORLANDO INTERNATIONAL AIRPORT, FL US",69.3,24,65.9,24,1014.8,18,11.1,24,7.8,24,8.7,24,15.9,22.9,78.1, ,66, ,0.13,G,999.9,10000
72205012815,11/6/2021,28.41822,-81.32413,27.1,"ORLANDO INTERNATIONAL AIRPORT, FL US",61.6,24,57.8,24,1012.4,16,8.7,24,9.4,24,13.5,24,19,26,72, ,52, ,2.36,G,999.9,10000
72205012815,11/7/2021,28.41822,-81.32413,27.1,"ORLANDO INTERNATIONAL AIRPORT, FL US",58.3,24,49,24,1016.3,22,12.4,24,10,24,11.3,24,15,22,71.1, ,52, ,0.02,G,999.9,0
72205012815,11/8/2021,28.41822,-81.32413,27.1,"ORLANDO INTERNATIONAL AIRPORT, FL US",64,24,50.4,24,1020.4,24,16.8,24,10,24,9.1,24,15,22,75.9, ,52, ,0,G,999.9,0
72205012815,11/9/2021,28.41822,-81.32413,27.1,"ORLANDO INTERNATIONAL AIRPORT, FL US",66.3,24,53.5,24,1022.5,24,18.9,24,10,24,9,24,13,999.9,81, ,55, ,0,G,999.9,0
72205012815,11/10/2021,28.41822,-81.32413,27.1,"ORLANDO INTERNATIONAL AIRPORT, FL US",68.5,24,62.6,24,1021,20,17.1,24,8.8,24,7.3,24,13,999.9,81, ,57.9, ,0,G,999.9,10000
72205012815,11/11/2021,28.41822,-81.32413,27.1,"ORLANDO INTERNATIONAL AIRPORT, FL US",72.2,24,66.6,24,1018.6,23,15,24,9.3,24,4.8,24,15,19,84.9, ,62.1, ,0.3,G,999.9,10000
72205012815,11/12/2021,28.41822,-81.32413,27.1,"ORLANDO INTERNATIONAL AIRPORT, FL US",73.9,24,68.6,24,1017.7,22,14.1,24,10,24,2.5,24,7,999.9,84.9, ,64.9, ,0.55,G,999.9,10010
72205012815,11/13/2021,28.41822,-81.32413,27.1,"ORLANDO INTERNATIONAL AIRPORT, FL US",70.7,24,65.1,24,1015.8,19,12.2,24,7.5,24,3.9,24,9.9,999.9,82, ,63, ,0.01,G,999.9,110000
72205012815,11/14/2021,28.41822,-81.32413,27.1,"ORLANDO INTERNATIONAL AIRPORT, FL US",63.6,24,51.9,24,1017.4,24,13.7,24,10,24,5.9,24,8.9,999.9,82, ,54, ,0,G,999.9,0
72205012815,11/15/2021,28.41822,-81.32413,27.1,"ORLANDO INTERNATIONAL AIRPORT, FL US",61.4,24,44.2,24,1021,24,17.4,24,10,24,7.2,24,13,999.9,75, ,51.1, ,0,G,999.9,0
72205012815,11/16/2021,28.41822,-81.32413,27.1,"ORLANDO INTERNATIONAL AIRPORT, FL US",64.2,24,52.3,24,1023.1,24,19.4,24,10,24,5.5,24,12,999.9,79, ,51.1, ,0,G,999.9,0
72205012815,11/17/2021,28.41822,-81.32413,27.1,"ORLANDO INTERNATIONAL AIRPORT, FL US",69.2,24,59.5,24,1023.3,24,19.7,24,10,24,6.5,24,12,17.1,82.9, ,52, ,0,G,999.9,0
72205012815,11/18/2021,28.41822,-81.32413,27.1,"ORLANDO INTERNATIONAL AIRPORT, FL US",71.8,24,66.4,24,1022,24,18.3,24,10,24,3.9,24,8.9,999.9,82.9, ,59, ,0,G,999.9,10000
72205012815,11/19/2021,28.41822,-81.32413,27.1,"ORLANDO INTERNATIONAL AIRPORT, FL US",73.2,24,66.6,24,1020.5,23,16.8,24,10,24,8.9,24,19,24.1,82.9, ,66, ,0.04,G,999.9,10000
72205012815,11/20/2021,28.41822,-81.32413,27.1,"ORLANDO INTERNATIONAL AIRPORT, FL US",70.7,24,66.4,24,1021.4,15,17.9,24,8.5,24,11.2,24,15.9,21,82.9, ,68, ,0.57,G,999.9,10000
72205012815,11/21/2021,28.41822,-81.32413,27.1,"ORLANDO INTERNATIONAL AIRPORT, FL US",72.6,24,64.4,24,1020,24,16.4,24,10,24,9.8,24,15,999.9,81, ,66.9, ,0.11,G,999.9,0
72205012815,11/22/2021,28.41822,-81.32413,27.1,"ORLANDO INTERNATIONAL AIRPORT, FL US",70.7,24,65.4,24,1014.7,21,11.1,24,8.3,24,6.4,24,12,17.1,81, ,66.9, ,0,G,999.9,10000
72205012815,11/23/2021,28.41822,-81.32413,27.1,"ORLANDO INTERNATIONAL AIRPORT, FL US",61.9,24,49.4,24,1016.7,24,13.1,24,10,24,11.9,24,18.1,22,75, ,54, ,0.11,G,999.9,0
72205012815,11/24/2021,28.41822,-81.32413,27.1,"ORLANDO INTERNATIONAL AIRPORT, FL US",58.8,24,45.2,24,1023.8,24,20.1,24,10,24,9.8,24,14,999.9,75, ,50, ,0,G,999.9,0
72205012815,11/25/2021,28.41822,-81.32413,27.1,"ORLANDO INTERNATIONAL AIRPORT, FL US",66,24,53.5,24,1023.5,24,19.8,24,10,24,4.9,24,9.9,999.9,79, ,50, ,0,G,999.9,0
72205012815,11/26/2021,28.41822,-81.32413,27.1,"ORLANDO INTERNATIONAL AIRPORT, FL US",66.1,24,55.6,24,1018.2,24,14.6,24,9.8,24,5.5,24,12,999.9,79, ,55.9, ,0,G,999.9,0
72205012815,11/27/2021,28.41822,-81.32413,27.1,"ORLANDO INTERNATIONAL AIRPORT, FL US",62.5,24,45,24,1018.1,22,14.3,24,10,24,7,24,13,999.9,78.1, ,50, ,0,G,999.9,0
72205012815,11/28/2021,28.41822,-81.32413,27.1,"ORLANDO INTERNATIONAL AIRPORT, FL US",59,24,43.7,24,1018.4,24,14.6,24,10,24,4,24,7,999.9,72, ,50, ,0,G,999.9,0
72205012815,11/29/2021,28.41822,-81.32413,27.1,"ORLANDO INTERNATIONAL AIRPORT, FL US",62,24,46.6,24,1017.1,24,13.4,24,10,24,5.7,24,11.1,999.9,71.1, ,51.1, ,0.03,G,999.9,10000
72205012815,11/30/2021,28.41822,-81.32413,27.1,"ORLANDO INTERNATIONAL AIRPORT, FL US",59.4,24,45.4,24,1020.8,24,17,24,10,24,4.4,24,8.9,999.9,73, ,46.9, ,0,I,999.9,0
72205012815,12/1/2021,28.41822,-81.32413,27.1,"ORLANDO INTERNATIONAL AIRPORT, FL US",63.7,24,53.1,24,1022.1,24,18.5,24,9.9,24,3.6,24,8.9,999.9,78.1, ,46.9, ,0,G,999.9,0
72205012815,12/2/2021,28.41822,-81.32413,27.1,"ORLANDO INTERNATIONAL AIRPORT, FL US",66.5,24,52.6,24,1020.5,24,16.9,24,10,24,4.8,24,13,19,78.1, ,51.1, ,0,G,999.9,0
72205012815,12/3/2021,28.41822,-81.32413,27.1,"ORLANDO INTERNATIONAL AIRPORT, FL US",63.1,24,51.1,24,1020,24,16.4,24,10,24,2.4,24,8,999.9,77, ,51.1, ,0,G,999.9,100000
72205012815,12/4/2021,28.41822,-81.32413,27.1,"ORLANDO INTERNATIONAL AIRPORT, FL US",63.9,24,54.1,24,1020.6,23,16.9,24,9.2,24,2.1,24,5.1,999.9,77, ,51.1, ,0,G,999.9,100000
72205012815,12/5/2021,28.41822,-81.32413,27.1,"ORLANDO INTERNATIONAL AIRPORT, FL US",67,24,57.7,24,1020.9,24,17.3,24,9.7,24,3.3,24,7,999.9,80.1, ,51.1, ,0,G,999.9,0
72205012815,12/6/2021,28.41822,-81.32413,27.1,"ORLANDO INTERNATIONAL AIRPORT, FL US",70.5,24,61.8,24,1019.3,20,15.8,24,8.5,24,3.2,24,8.9,999.9,84, ,57, ,0,G,999.9,100000
72205012815,12/7/2021,28.41822,-81.32413,27.1,"ORLANDO INTERNATIONAL AIRPORT, FL US",70.7,24,63.6,24,1018.5,19,14.8,24,7,24,3.8,24,8.9,999.9,84, ,60.1, ,0,G,999.9,100000
72205012815,12/8/2021,28.41822,-81.32413,27.1,"ORLANDO INTERNATIONAL AIRPORT, FL US",70.4,24,63.1,24,1017.2,19,13.9,24,7.2,24,5,24,11.1,15.9,84, ,61, ,0,G,999.9,100000
72205012815,12/9/2021,28.41822,-81.32413,27.1,"ORLANDO INTERNATIONAL AIRPORT, FL US",72.9,24,65.7,24,1018.4,19,14.6,24,8.6,24,3.4,24,11.1,999.9,84, ,61, ,0,G,999.9,0
72205012815,12/10/2021,28.41822,-81.32413,27.1,"ORLANDO INTERNATIONAL AIRPORT, FL US",71.5,24,64.6,24,1020.3,23,16.7,24,8.9,24,3.8,24,8,999.9,84, ,62.1, ,0,G,999.9,100000
72205012815,12/11/2021,28.41822,-81.32413,27.1,"ORLANDO INTERNATIONAL AIRPORT, FL US",72.6,24,65.5,24,1019.3,22,15.7,24,7.4,24,4,24,8.9,999.9,84.9, ,62.1, ,0,G,999.9,100000
72205012815,12/12/2021,28.41822,-81.32413,27.1,"ORLANDO INTERNATIONAL AIRPORT, FL US",73,24,65.6,24,1020.3,22,16.7,24,7.7,24,3.7,24,14,999.9,86, ,62.1, ,0,G,999.9,100000
72205012815,12/13/2021,28.41822,-81.32413,27.1,"ORLANDO INTERNATIONAL AIRPORT, FL US",71.6,24,64,24,1024.6,22,20.8,24,10,24,6.8,24,13,999.9,86, ,62.1, ,0,G,999.9,0
72205012815,12/14/2021,28.41822,-81.32413,27.1,"ORLANDO INTERNATIONAL AIRPORT, FL US",72.3,24,65.9,24,1025.5,20,22,24,6.2,24,8.2,24,14,999.9,84.9, ,64, ,0,G,999.9,0
72205012815,12/15/2021,28.41822,-81.32413,27.1,"ORLANDO INTERNATIONAL AIRPORT, FL US",70.2,24,65.4,24,1024.8,23,21.2,24,9.5,24,7.9,24,12,18.1,82, ,64, ,0.35,G,999.9,10000
72205012815,12/16/2021,28.41822,-81.32413,27.1,"ORLANDO INTERNATIONAL AIRPORT, FL US",73.8,24,66.9,24,1022.5,24,18.9,24,10,24,5.6,24,9.9,999.9,84, ,64, ,0.19,G,999.9,0
72205012815,12/17/2021,28.41822,-81.32413,27.1,"ORLANDO INTERNATIONAL AIRPORT, FL US",72.5,24,64.5,24,1022.1,23,18.5,24,9.9,24,5.1,24,11.1,999.9,84, ,63, ,0,G,999.9,100000
72205012815,12/18/2021,28.41822,-81.32413,27.1,"ORLANDO INTERNATIONAL AIRPORT, FL US",73.1,24,65.9,24,1020.5,24,16.9,24,9.7,24,5.2,24,9.9,999.9,84, ,63, ,0,G,999.9,100000
72205012815,12/19/2021,28.41822,-81.32413,27.1,"ORLANDO INTERNATIONAL AIRPORT, FL US",76.3,24,69.7,24,1016,21,12.6,24,8.2,24,7.8,24,15,24.1,86, ,64, ,0,G,999.9,10000
72205012815,12/20/2021,28.41822,-81.32413,27.1,"ORLANDO INTERNATIONAL AIRPORT, FL US",72,24,66.5,24,1016.4,16,12.7,24,9.4,24,9.6,24,15.9,18.1,86, ,66, ,0,G,999.9,10000
72205012815,12/21/2021,28.41822,-81.32413,27.1,"ORLANDO INTERNATIONAL AIRPORT, FL US",67.1,24,65,24,1008.4,10,6.4,24,3.9,24,9.6,24,15.9,20,73.4,*,64.4,*,0.71,G,999.9,10000
72205012815,12/22/2021,28.41822,-81.32413,27.1,"ORLANDO INTERNATIONAL AIRPORT, FL US",58.8,24,51.2,24,1012.5,17,8.5,24,9.9,24,10.8,24,14,19,73.9, ,51.1, ,1.02,G,999.9,10000
72205012815,12/23/2021,28.41822,-81.32413,27.1,"ORLANDO INTERNATIONAL AIRPORT, FL US",58.6,24,46.4,24,1019.6,24,15.9,24,10,24,6.3,24,8.9,999.9,73, ,48.9, ,0,G,999.9,0
72205012815,12/24/2021,28.41822,-81.32413,27.1,"ORLANDO INTERNATIONAL AIRPORT, FL US",64.1,24,53.9,24,1022,24,18.3,24,10,24,4.9,24,8.9,999.9,78.1, ,48.9, ,0,G,999.9,0
72205012815,12/25/2021,28.41822,-81.32413,27.1,"ORLANDO INTERNATIONAL AIRPORT, FL US",66.4,24,55.2,24,1020.1,24,16.5,24,9.8,24,4,24,13,999.9,79, ,53.1, ,0,G,999.9,100000
72205012815,12/26/2021,28.41822,-81.32413,27.1,"ORLANDO INTERNATIONAL AIRPORT, FL US",66.7,24,56.9,24,1019.5,24,15.9,24,9.8,24,4.2,24,8.9,999.9,80.1, ,54, ,0,G,999.9,100000
72205012815,12/27/2021,28.41822,-81.32413,27.1,"ORLANDO INTERNATIONAL AIRPORT, FL US",68.1,24,60,24,1018.9,24,15.3,24,10,24,3.2,24,7,999.9,80.1, ,54, ,0,G,999.9,100000
72205012815,12/28/2021,28.41822,-81.32413,27.1,"ORLANDO INTERNATIONAL AIRPORT, FL US",68.2,24,60.3,24,1017.4,20,13.8,24,7.8,24,3.4,24,12,999.9,81, ,57, ,0,G,999.9,100000
72205012815,12/29/2021,28.41822,-81.32413,27.1,"ORLANDO INTERNATIONAL AIRPORT, FL US",70.2,24,61.4,24,1017.7,24,14,24,10,24,5.6,24,11.1,999.9,82.9, ,57.9, ,0,G,999.9,100000
72205012815,12/30/2021,28.41822,-81.32413,27.1,"ORLANDO INTERNATIONAL AIRPORT, FL US",71.1,24,64.5,24,1017.5,18,14.4,24,7.7,24,4,24,8.9,999.9,82.9, ,60.1, ,0,G,999.9,100000
72205012815,12/31/2021,28.41822,-81.32413,27.1,"ORLANDO INTERNATIONAL AIRPORT, FL US",72.4,24,65.8,24,1018.4,20,14.8,24,7.2,24,3.8,24,7,999.9,84, ,62.1, ,0,G,999.9,100000
