Date,Year,Month,Day,Precipitation,Max Temp,Min Temp,Mean Temp,Dew Point
1/1/2019,2019,January,1/1/2019,0,83,62,72.5,64.8
1/2/2019,2019,January,1/2/2019,0,83,63,73,65.2
1/3/2019,2019,January,1/3/2019,0,83,63,73,64.9
1/4/2019,2019,January,1/4/2019,0.13,83,63,73,65.1
1/5/2019,2019,January,1/5/2019,0,70,53,61.5,55.7
1/6/2019,2019,January,1/6/2019,0,71,47,59,46.7
1/7/2019,2019,January,1/7/2019,0,79,53,66,54.5
1/8/2019,2019,January,1/8/2019,0,79,55,67,56.9
1/9/2019,2019,January,1/9/2019,0,73,53,63,54.7
1/10/2019,2019,January,1/10/2019,0,61,44,52.5,30.9
1/11/2019,2019,January,1/11/2019,0,74,48,61,43.8
1/12/2019,2019,January,1/12/2019,0,78,54,66,52.9
1/13/2019,2019,January,1/13/2019,0,81,56,68.5,58.3
1/14/2019,2019,January,1/14/2019,0,67,50,58.5,54.2
1/15/2019,2019,January,1/15/2019,0,61,47,54,44.2
1/16/2019,2019,January,1/16/2019,0,60,44,52,41.4
1/17/2019,2019,January,1/17/2019,0,74,44,59,46.2
1/18/2019,2019,January,1/18/2019,0,76,48,62,41.4
1/19/2019,2019,January,1/19/2019,0,80,50,65,50.8
1/20/2019,2019,January,1/20/2019,0.45,67,45,56,53.8
1/21/2019,2019,January,1/21/2019,0,62,38,50,35.3
1/22/2019,2019,January,1/22/2019,0,73,44,58.5,46.9
1/23/2019,2019,January,1/23/2019,0.00001,79,58,68.5,56.3
1/24/2019,2019,January,1/24/2019,0.76,76,55,65.5,62.3
1/25/2019,2019,January,1/25/2019,0,63,44,53.5,40.6
1/26/2019,2019,January,1/26/2019,0,64,48,56,39.2
1/27/2019,2019,January,1/27/2019,2.01,56,48,52,47
1/28/2019,2019,January,1/28/2019,0.15,58,45,51.5,44.9
1/29/2019,2019,January,1/29/2019,0,68,42,55,40.2
1/30/2019,2019,January,1/30/2019,0,56,44,50,41.5
1/31/2019,2019,January,1/31/2019,0,65,44,54.5,40.2
2/1/2019,2019,February,2/1/2019,0,75,53,64,55.2
2/2/2019,2019,February,2/2/2019,0.03,77,61,69,61.9
2/3/2019,2019,February,2/3/2019,0,73,61,67,63.3
2/4/2019,2019,February,2/4/2019,0.00001,70,55,62.5,57.8
2/5/2019,2019,February,2/5/2019,0,78,52,65,52.5
2/6/2019,2019,February,2/6/2019,0,81,53,67,53.6
2/7/2019,2019,February,2/7/2019,0,82,56,69,58.8
2/8/2019,2019,February,2/8/2019,0,83,58,70.5,58.8
2/9/2019,2019,February,2/9/2019,0.11,78,59,68.5,57.2
2/10/2019,2019,February,2/10/2019,0.61,72,65,68.5,65
2/11/2019,2019,February,2/11/2019,0,84,60,72,62.7
2/12/2019,2019,February,2/12/2019,0.16,85,68,76.5,67.3
2/13/2019,2019,February,2/13/2019,0.68,71,49,60,59.6
2/14/2019,2019,February,2/14/2019,0,75,46,60.5,45.3
2/15/2019,2019,February,2/15/2019,0,79,53,66,53.8
2/16/2019,2019,February,2/16/2019,0,81,55,68,56.5
2/17/2019,2019,February,2/17/2019,0,85,60,72.5,62.3
2/18/2019,2019,February,2/18/2019,0.00001,86,65,75.5,65.8
2/19/2019,2019,February,2/19/2019,0,86,65,75.5,64.6
2/20/2019,2019,February,2/20/2019,0.00001,87,69,78,67.4
2/21/2019,2019,February,2/21/2019,0.03,84,64,74,67.4
2/22/2019,2019,February,2/22/2019,0,87,66,76.5,66.4
2/23/2019,2019,February,2/23/2019,0.00001,88,71,79.5,69
2/24/2019,2019,February,2/24/2019,0,88,68,78,67.1
2/25/2019,2019,February,2/25/2019,0,76,60,68,51
2/26/2019,2019,February,2/26/2019,0.11,74,59,66.5,56
2/27/2019,2019,February,2/27/2019,0.03,83,63,73,62.2
2/28/2019,2019,February,2/28/2019,0,81,63,72,62.8
3/1/2019,2019,March,3/1/2019,0,83,62,72.5,60.8
3/2/2019,2019,March,3/2/2019,0,86,61,73.5,61.6
3/3/2019,2019,March,3/3/2019,0,86,63,74.5,62.8
3/4/2019,2019,March,3/4/2019,0.00001,85,63,74,64.2
3/5/2019,2019,March,3/5/2019,0.08,63,52,57.5,54.6
3/6/2019,2019,March,3/6/2019,0,63,42,52.5,30.3
3/7/2019,2019,March,3/7/2019,0,72,42,57,40.4
3/8/2019,2019,March,3/8/2019,0,79,52,65.5,50.7
3/9/2019,2019,March,3/9/2019,0,83,59,71,57.7
3/10/2019,2019,March,3/10/2019,0,87,64,75.5,64.2
3/11/2019,2019,March,3/11/2019,0,87,64,75.5,64.6
3/12/2019,2019,March,3/12/2019,0,75,63,69,60.3
3/13/2019,2019,March,3/13/2019,0,79,60,69.5,56.9
3/14/2019,2019,March,3/14/2019,0,83,63,73,58.9
3/15/2019,2019,March,3/15/2019,0,86,60,73,60.7
3/16/2019,2019,March,3/16/2019,0.00001,82,64,73,64.7
3/17/2019,2019,March,3/17/2019,0.01,73,58,65.5,55.2
3/18/2019,2019,March,3/18/2019,0.00001,67,57,62,51.6
3/19/2019,2019,March,3/19/2019,0.2,67,56,61.5,51.8
3/20/2019,2019,March,3/20/2019,0.04,74,58,66,54.4
3/21/2019,2019,March,3/21/2019,0,76,56,66,46.2
3/22/2019,2019,March,3/22/2019,0,78,50,64,43.9
3/23/2019,2019,March,3/23/2019,0,81,50,65.5,42.4
3/24/2019,2019,March,3/24/2019,0,82,58,70,54.5
3/25/2019,2019,March,3/25/2019,0,84,58,71,56.1
3/26/2019,2019,March,3/26/2019,0,84,62,73,59.2
3/27/2019,2019,March,3/27/2019,0.23,73,58,65.5,56.4
3/28/2019,2019,March,3/28/2019,0.00001,79,58,68.5,52.8
3/29/2019,2019,March,3/29/2019,0,79,57,68,55.3
3/30/2019,2019,March,3/30/2019,0,82,59,70.5,54.4
3/31/2019,2019,March,3/31/2019,0,86,58,72,58.5
4/1/2019,2019,April,4/1/2019,0.00001,73,64,68.5,58
4/2/2019,2019,April,4/2/2019,0.00001,77,58,67.5,60.1
4/3/2019,2019,April,4/3/2019,0,78,55,66.5,52.6
4/4/2019,2019,April,4/4/2019,0,83,60,71.5,55.4
4/5/2019,2019,April,4/5/2019,0.57,85,65,75,62.3
4/6/2019,2019,April,4/6/2019,0.01,88,65,76.5,64.6
4/7/2019,2019,April,4/7/2019,0,89,66,77.5,66.2
4/8/2019,2019,April,4/8/2019,0.00001,91,69,80,67
4/9/2019,2019,April,4/9/2019,0.11,86,69,77.5,68
4/10/2019,2019,April,4/10/2019,0.00001,82,66,74,64.3
4/11/2019,2019,April,4/11/2019,0,87,64,75.5,62.8
4/12/2019,2019,April,4/12/2019,0.01,89,68,78.5,65.9
4/13/2019,2019,April,4/13/2019,0,92,70,81,68.3
4/14/2019,2019,April,4/14/2019,0.21,90,71,80.5,69.6
4/15/2019,2019,April,4/15/2019,0.00001,81,63,72,59.6
4/16/2019,2019,April,4/16/2019,0,85,57,71,47.8
4/17/2019,2019,April,4/17/2019,0,85,61,73,57.6
4/18/2019,2019,April,4/18/2019,0.02,91,65,78,62.1
4/19/2019,2019,April,4/19/2019,0.52,87,63,75,69
4/20/2019,2019,April,4/20/2019,0.00001,75,54,64.5,49.8
4/21/2019,2019,April,4/21/2019,0,77,53,65,45.4
4/22/2019,2019,April,4/22/2019,0,83,54,68.5,45.8
4/23/2019,2019,April,4/23/2019,0,86,57,71.5,53.7
4/24/2019,2019,April,4/24/2019,0,86,60,73,58.1
4/25/2019,2019,April,4/25/2019,0,86,61,73.5,59.8
4/26/2019,2019,April,4/26/2019,0.02,87,66,76.5,64.7
4/27/2019,2019,April,4/27/2019,0,86,60,73,54.7
4/28/2019,2019,April,4/28/2019,0,88,61,74.5,58.3
4/29/2019,2019,April,4/29/2019,0,88,65,76.5,61.5
4/30/2019,2019,April,4/30/2019,0,89,69,79,65.5
5/1/2019,2019,May,5/1/2019,0.00001,88,69,78.5,66.3
5/2/2019,2019,May,5/2/2019,0.75,86,72,79,68.9
5/3/2019,2019,May,5/3/2019,0,90,71,80.5,69.3
5/4/2019,2019,May,5/4/2019,0.62,91,68,79.5,68.5
5/5/2019,2019,May,5/5/2019,0.23,87,69,78,69.5
5/6/2019,2019,May,5/6/2019,0.01,89,69,79,69.3
5/7/2019,2019,May,5/7/2019,0.00001,90,71,80.5,69.6
5/8/2019,2019,May,5/8/2019,0,88,70,79,65.6
5/9/2019,2019,May,5/9/2019,0.00001,87,69,78,66.7
5/10/2019,2019,May,5/10/2019,0,89,71,80,68
5/11/2019,2019,May,5/11/2019,0.05,92,70,81,68.3
5/12/2019,2019,May,5/12/2019,0.33,90,70,80,70.3
5/13/2019,2019,May,5/13/2019,1.08,85,70,77.5,70.8
5/14/2019,2019,May,5/14/2019,1.27,80,68,74,69
5/15/2019,2019,May,5/15/2019,0,84,69,76.5,65.5
5/16/2019,2019,May,5/16/2019,0,86,67,76.5,62.1
5/17/2019,2019,May,5/17/2019,0,88,65,76.5,60.1
5/18/2019,2019,May,5/18/2019,0,88,65,76.5,60.9
5/19/2019,2019,May,5/19/2019,0,91,66,78.5,63.4
5/20/2019,2019,May,5/20/2019,0,91,70,80.5,67.6
5/21/2019,2019,May,5/21/2019,0,92,70,81,67.6
5/22/2019,2019,May,5/22/2019,0,91,70,80.5,65.3
5/23/2019,2019,May,5/23/2019,0,90,71,80.5,65.1
5/24/2019,2019,May,5/24/2019,0,89,68,78.5,63.7
5/25/2019,2019,May,5/25/2019,0,93,69,81,66.5
5/26/2019,2019,May,5/26/2019,0,95,70,82.5,68.8
5/27/2019,2019,May,5/27/2019,0,96,70,83,67.8
5/28/2019,2019,May,5/28/2019,0,97,72,84.5,66.1
5/29/2019,2019,May,5/29/2019,0,96,69,82.5,66.6
5/30/2019,2019,May,5/30/2019,0,96,72,84,68.5
5/31/2019,2019,May,5/31/2019,0,96,74,85,69.6
6/1/2019,2019,June,6/1/2019,0.00001,96,74,85,70
6/2/2019,2019,June,6/2/2019,0.00001,94,71,82.5,70.3
6/3/2019,2019,June,6/3/2019,0.00001,94,74,84,70.1
6/4/2019,2019,June,6/4/2019,0,96,72,84,71
6/5/2019,2019,June,6/5/2019,0.25,95,75,85,72.1
6/6/2019,2019,June,6/6/2019,0.00001,92,74,83,72.7
6/7/2019,2019,June,6/7/2019,0.00001,94,76,85,72.2
6/8/2019,2019,June,6/8/2019,0.25,93,75,84,72.4
6/9/2019,2019,June,6/9/2019,1.52,93,71,82,72.8
6/10/2019,2019,June,6/10/2019,0.64,91,72,81.5,70.9
6/11/2019,2019,June,6/11/2019,0.26,90,71,80.5,71.4
6/12/2019,2019,June,6/12/2019,0.37,92,72,82,71.9
6/13/2019,2019,June,6/13/2019,0.87,85,73,79,72.4
6/14/2019,2019,June,6/14/2019,0.00001,85,73,79,71.1
6/15/2019,2019,June,6/15/2019,0,90,73,81.5,71.9
6/16/2019,2019,June,6/16/2019,1.79,90,70,80,72.5
6/17/2019,2019,June,6/17/2019,0.95,88,73,80.5,72.6
6/18/2019,2019,June,6/18/2019,0.46,91,74,82.5,72.8
6/19/2019,2019,June,6/19/2019,0.76,91,72,81.5,72.6
6/20/2019,2019,June,6/20/2019,0.08,94,73,83.5,72.1
6/21/2019,2019,June,6/21/2019,0,95,77,86,72.9
6/22/2019,2019,June,6/22/2019,0,93,78,85.5,73.2
6/23/2019,2019,June,6/23/2019,0.00001,96,76,86,73
6/24/2019,2019,June,6/24/2019,0,96,75,85.5,70.8
6/25/2019,2019,June,6/25/2019,0.01,98,76,87,72.2
6/26/2019,2019,June,6/26/2019,0,97,76,86.5,70.6
6/27/2019,2019,June,6/27/2019,0,93,76,84.5,70.1
6/28/2019,2019,June,6/28/2019,0.00001,93,76,84.5,71.7
6/29/2019,2019,June,6/29/2019,0.08,88,75,81.5,71.8
6/30/2019,2019,June,6/30/2019,0.68,93,74,83.5,71.9
7/1/2019,2019,July,7/1/2019,0.00001,95,75,85,73
7/2/2019,2019,July,7/2/2019,0.00001,97,77,87,72.4
7/3/2019,2019,July,7/3/2019,0.54,96,76,86,74.6
7/4/2019,2019,July,7/4/2019,0.03,95,77,86,74.7
7/5/2019,2019,July,7/5/2019,0.00001,95,78,86.5,73.9
7/6/2019,2019,July,7/6/2019,1.3,92,73,82.5,73.1
7/7/2019,2019,July,7/7/2019,0.07,90,74,82,73.3
7/8/2019,2019,July,7/8/2019,0.02,90,75,82.5,74.1
7/9/2019,2019,July,7/9/2019,0.35,92,75,83.5,74.1
7/10/2019,2019,July,7/10/2019,0.02,94,74,84,73.4
7/11/2019,2019,July,7/11/2019,0.03,93,74,83.5,72.7
7/12/2019,2019,July,7/12/2019,1.03,90,72,81,72.4
7/13/2019,2019,July,7/13/2019,0,89,71,80,72
7/14/2019,2019,July,7/14/2019,0,95,77,86,74.2
7/15/2019,2019,July,7/15/2019,0.12,95,75,85,72.7
7/16/2019,2019,July,7/16/2019,0.00001,95,75,85,73.6
7/17/2019,2019,July,7/17/2019,0.00001,95,76,85.5,73.6
7/18/2019,2019,July,7/18/2019,0,93,75,84,71.7
7/19/2019,2019,July,7/19/2019,0.00001,94,74,84,71.1
7/20/2019,2019,July,7/20/2019,0,92,75,83.5,72.5
7/21/2019,2019,July,7/21/2019,0.06,93,75,84,73.5
7/22/2019,2019,July,7/22/2019,0.00001,93,72,82.5,71
7/23/2019,2019,July,7/23/2019,0.35,91,74,82.5,72.3
7/24/2019,2019,July,7/24/2019,0.4,90,72,81,73.1
7/25/2019,2019,July,7/25/2019,0.73,84,73,78.5,72.4
7/26/2019,2019,July,7/26/2019,0.06,87,72,79.5,72.4
7/27/2019,2019,July,7/27/2019,0,90,72,81,71.2
7/28/2019,2019,July,7/28/2019,0.05,94,76,85,72.9
7/29/2019,2019,July,7/29/2019,0.32,94,76,85,73.7
7/30/2019,2019,July,7/30/2019,0.38,93,76,84.5,74
7/31/2019,2019,July,7/31/2019,0.14,94,73,83.5,74.3
8/1/2019,2019,August,8/1/2019,0.00001,90,73,81.5,72.4
8/2/2019,2019,August,8/2/2019,0.39,89,75,82,73.4
8/3/2019,2019,August,8/3/2019,0.23,87,74,80.5,74.1
8/4/2019,2019,August,8/4/2019,0,92,75,83.5,74.1
8/5/2019,2019,August,8/5/2019,0.15,89,73,81,74.4
8/6/2019,2019,August,8/6/2019,0.02,87,74,80.5,73.3
8/7/2019,2019,August,8/7/2019,0.99,90,73,81.5,73.9
8/8/2019,2019,August,8/8/2019,0.62,93,73,83,73.1
8/9/2019,2019,August,8/9/2019,0,94,74,84,74.3
8/10/2019,2019,August,8/10/2019,0,94,77,85.5,75.5
8/11/2019,2019,August,8/11/2019,1.39,94,78,86,76.3
8/12/2019,2019,August,8/12/2019,0.4,93,76,84.5,76.7
8/13/2019,2019,August,8/13/2019,0,90,75,82.5,76
8/14/2019,2019,August,8/14/2019,0.81,92,77,84.5,76.9
8/15/2019,2019,August,8/15/2019,0.33,89,75,82,75
8/16/2019,2019,August,8/16/2019,0.06,87,74,80.5,72.9
8/17/2019,2019,August,8/17/2019,0,89,73,81,71.5
8/18/2019,2019,August,8/18/2019,0.19,93,74,83.5,71.8
8/19/2019,2019,August,8/19/2019,0,92,76,84,72.9
8/20/2019,2019,August,8/20/2019,0.05,91,75,83,72.9
8/21/2019,2019,August,8/21/2019,0,93,76,84.5,73.7
8/22/2019,2019,August,8/22/2019,0,93,76,84.5,73.7
8/23/2019,2019,August,8/23/2019,0.28,86,77,81.5,74.9
8/24/2019,2019,August,8/24/2019,0,92,77,84.5,74.8
8/25/2019,2019,August,8/25/2019,0,93,77,85,74.2
8/26/2019,2019,August,8/26/2019,0.91,94,73,83.5,74.7
8/27/2019,2019,August,8/27/2019,0,93,74,83.5,73.2
8/28/2019,2019,August,8/28/2019,0.00001,91,76,83.5,75.1
8/29/2019,2019,August,8/29/2019,0.04,93,78,85.5,74.7
8/30/2019,2019,August,8/30/2019,0.00001,90,77,83.5,74.4
8/31/2019,2019,August,8/31/2019,0.42,91,77,84,75
9/1/2019,2019,September,9/1/2019,0.04,91,77,84,75.2
9/2/2019,2019,September,9/2/2019,0.51,89,77,83,75.4
9/3/2019,2019,September,9/3/2019,0.93,87,74,80.5,74.2
9/4/2019,2019,September,9/4/2019,0.23,87,74,80.5,72.2
9/5/2019,2019,September,9/5/2019,0,95,80,87.5,74.2
9/6/2019,2019,September,9/6/2019,0,95,78,86.5,73.9
9/7/2019,2019,September,9/7/2019,0,92,69,80.5,67.1
9/8/2019,2019,September,9/8/2019,0,93,72,82.5,68.8
9/9/2019,2019,September,9/9/2019,0,95,76,85.5,72.8
9/10/2019,2019,September,9/10/2019,0,92,76,84,73
9/11/2019,2019,September,9/11/2019,0.00001,91,74,82.5,71.8
9/12/2019,2019,September,9/12/2019,0.01,91,75,83,72.1
9/13/2019,2019,September,9/13/2019,0.00001,87,76,81.5,73.3
9/14/2019,2019,September,9/14/2019,0.11,90,76,83,73.3
9/15/2019,2019,September,9/15/2019,0.00001,90,76,83,74
9/16/2019,2019,September,9/16/2019,0.00001,92,76,84,73.7
9/17/2019,2019,September,9/17/2019,0,94,73,83.5,68
9/18/2019,2019,September,9/18/2019,0.00001,89,74,81.5,71.4
9/19/2019,2019,September,9/19/2019,0,88,71,79.5,66.2
9/20/2019,2019,September,9/20/2019,0.01,88,71,79.5,66.6
9/21/2019,2019,September,9/21/2019,0,87,71,79,64.7
9/22/2019,2019,September,9/22/2019,0,88,70,79,65.5
9/23/2019,2019,September,9/23/2019,0,88,67,77.5,65.2
9/24/2019,2019,September,9/24/2019,0,90,67,78.5,64.7
9/25/2019,2019,September,9/25/2019,0,92,68,80,64.9
9/26/2019,2019,September,9/26/2019,0,91,70,80.5,67.7
9/27/2019,2019,September,9/27/2019,0,94,71,82.5,67.7
9/28/2019,2019,September,9/28/2019,0.00001,93,74,83.5,70.6
9/29/2019,2019,September,9/29/2019,0.05,92,73,82.5,69.2
9/30/2019,2019,September,9/30/2019,0.04,93,74,83.5,71
10/1/2019,2019,October,10/1/2019,0.07,90,75,82.5,70.6
10/2/2019,2019,October,10/2/2019,0.00001,92,73,82.5,68.9
10/3/2019,2019,October,10/3/2019,0,92,71,81.5,68.9
10/4/2019,2019,October,10/4/2019,0,93,71,82,69.3
10/5/2019,2019,October,10/5/2019,0.01,93,73,83,71.1
10/6/2019,2019,October,10/6/2019,0.16,91,75,83,70.6
10/7/2019,2019,October,10/7/2019,0.19,88,75,81.5,73
10/8/2019,2019,October,10/8/2019,0.01,87,75,81,73.2
10/9/2019,2019,October,10/9/2019,0.07,81,74,77.5,72.2
10/10/2019,2019,October,10/10/2019,0.04,88,73,80.5,71.2
10/11/2019,2019,October,10/11/2019,0,89,70,79.5,66.8
10/12/2019,2019,October,10/12/2019,0,90,68,79,64.2
10/13/2019,2019,October,10/13/2019,0,89,67,78,64.5
10/14/2019,2019,October,10/14/2019,0,91,69,80,66.5
10/15/2019,2019,October,10/15/2019,0,90,70,80,68.3
10/16/2019,2019,October,10/16/2019,0.00001,91,72,81.5,69.4
10/17/2019,2019,October,10/17/2019,0,87,72,79.5,68.2
10/18/2019,2019,October,10/18/2019,0.36,82,69,75.5,62.2
10/19/2019,2019,October,10/19/2019,3.17,87,74,80.5,72.4
10/20/2019,2019,October,10/20/2019,0,90,74,82,72.2
10/21/2019,2019,October,10/21/2019,0.01,91,74,82.5,70.5
10/22/2019,2019,October,10/22/2019,0,92,73,82.5,72.7
10/23/2019,2019,October,10/23/2019,0,85,71,78,63.7
10/24/2019,2019,October,10/24/2019,0,90,72,81,68.5
10/25/2019,2019,October,10/25/2019,1.26,88,75,81.5,72.7
10/26/2019,2019,October,10/26/2019,0.72,91,74,82.5,73
10/27/2019,2019,October,10/27/2019,0.00001,90,74,82,73.3
10/28/2019,2019,October,10/28/2019,0,92,75,83.5,73.2
10/29/2019,2019,October,10/29/2019,0,92,76,84,73.7
10/30/2019,2019,October,10/30/2019,0,91,76,83.5,72.9
10/31/2019,2019,October,10/31/2019,0,91,74,82.5,72
11/1/2019,2019,November,11/1/2019,0.00001,81,69,75,67.7
11/2/2019,2019,November,11/2/2019,0.00001,88,68,78,66.5
11/3/2019,2019,November,11/3/2019,0,81,67,74,60.4
11/4/2019,2019,November,11/4/2019,0.02,84,70,77,65.1
11/5/2019,2019,November,11/5/2019,0.00001,87,69,78,69.4
11/6/2019,2019,November,11/6/2019,0.00001,87,72,79.5,71.4
11/7/2019,2019,November,11/7/2019,0,89,71,80,69.9
11/8/2019,2019,November,11/8/2019,0.21,84,68,76,69.7
11/9/2019,2019,November,11/9/2019,0.43,80,61,70.5,62.2
11/10/2019,2019,November,11/10/2019,0,81,60,70.5,56.6
11/11/2019,2019,November,11/11/2019,0,84,62,73,59
11/12/2019,2019,November,11/12/2019,0.00001,85,62,73.5,62.9
11/13/2019,2019,November,11/13/2019,0.00001,70,56,63,56.8
11/14/2019,2019,November,11/14/2019,0.03,80,62,71,59.6
11/15/2019,2019,November,11/15/2019,0.03,74,60,67,67.3
11/16/2019,2019,November,11/16/2019,0,66,52,59,51.9
11/17/2019,2019,November,11/17/2019,0,57,50,53.5,47.6
11/18/2019,2019,November,11/18/2019,0,75,55,65,50
11/19/2019,2019,November,11/19/2019,0,72,53,62.5,48
11/20/2019,2019,November,11/20/2019,0,76,48,62,44.8
11/21/2019,2019,November,11/21/2019,0,79,52,65.5,51.2
11/22/2019,2019,November,11/22/2019,0,80,57,68.5,56.1
11/23/2019,2019,November,11/23/2019,0,81,57,69,58.4
11/24/2019,2019,November,11/24/2019,0.44,73,53,63,58.9
11/25/2019,2019,November,11/25/2019,0,69,49,59,46.8
11/26/2019,2019,November,11/26/2019,0,74,48,61,46.1
11/27/2019,2019,November,11/27/2019,0,80,51,65.5,54.1
11/28/2019,2019,November,11/28/2019,0,84,57,70.5,58.7
11/29/2019,2019,November,11/29/2019,0,81,57,69,53.9
11/30/2019,2019,November,11/30/2019,0,81,58,69.5,58.4
12/1/2019,2019,December,12/1/2019,0,84,59,71.5,62
12/2/2019,2019,December,12/2/2019,0.2,74,50,62,54.3
12/3/2019,2019,December,12/3/2019,0,61,43,52,36.7
12/4/2019,2019,December,12/4/2019,0,66,46,56,39.9
12/5/2019,2019,December,12/5/2019,0,71,47,59,40.5
12/6/2019,2019,December,12/6/2019,0,77,50,63.5,48.6
12/7/2019,2019,December,12/7/2019,0,79,51,65,50.2
12/8/2019,2019,December,12/8/2019,0,81,59,70,57.6
12/9/2019,2019,December,12/9/2019,0,82,57,69.5,59.2
12/10/2019,2019,December,12/10/2019,0.21,86,61,73.5,63.9
12/11/2019,2019,December,12/11/2019,0.06,81,64,72.5,67.6
12/12/2019,2019,December,12/12/2019,0.38,77,66,71.5,64.5
12/13/2019,2019,December,12/13/2019,0.2,74,68,71,67.5
12/14/2019,2019,December,12/14/2019,0.52,77,56,66.5,63.1
12/15/2019,2019,December,12/15/2019,0,78,52,65,51.6
12/16/2019,2019,December,12/16/2019,0,84,58,71,59.8
12/17/2019,2019,December,12/17/2019,0.99,85,68,76.5,69
12/18/2019,2019,December,12/18/2019,0.00001,69,50,59.5,57.4
12/19/2019,2019,December,12/19/2019,0,72,48,60,42.5
12/20/2019,2019,December,12/20/2019,0.00001,75,55,65,53.7
12/21/2019,2019,December,12/21/2019,0.04,75,66,70.5,58.8
12/22/2019,2019,December,12/22/2019,0.4,75,65,70,63.6
12/23/2019,2019,December,12/23/2019,0.98,75,58,66.5,62.6
12/24/2019,2019,December,12/24/2019,0.00001,65,56,60.5,55
12/25/2019,2019,December,12/25/2019,0.00001,80,64,72,61
12/26/2019,2019,December,12/26/2019,0.00001,80,63,71.5,62.6
12/27/2019,2019,December,12/27/2019,0.37,80,66,73,63.8
12/28/2019,2019,December,12/28/2019,0.14,79,70,74.5,67.9
12/29/2019,2019,December,12/29/2019,0.46,81,71,76,69.4
12/30/2019,2019,December,12/30/2019,0.00001,79,71,75,68.5
12/31/2019,2019,December,12/31/2019,0,71,54,62.5,50.9
1/1/2020,2020,January,1/1/2020,0,71,53,62,41.8
1/2/2020,2020,January,1/2/2020,0,82,54,68,51.9
1/3/2020,2020,January,1/3/2020,0,85,66,75.5,65.7
1/4/2020,2020,January,1/4/2020,0.41,82,61,71.5,67.1
1/5/2020,2020,January,1/5/2020,0,64,48,56,37.9
1/6/2020,2020,January,1/6/2020,0,69,45,57,36.4
1/7/2020,2020,January,1/7/2020,0,74,46,60,43.8
1/8/2020,2020,January,1/8/2020,0,69,49,59,43.4
1/9/2020,2020,January,1/9/2020,0,79,50,64.5,49.2
1/10/2020,2020,January,1/10/2020,0,81,60,70.5,58.6
1/11/2020,2020,January,1/11/2020,0.01,84,70,77,66.5
1/12/2020,2020,January,1/12/2020,0.02,86,67,76.5,67.7
1/13/2020,2020,January,1/13/2020,0,84,68,76,64.3
1/14/2020,2020,January,1/14/2020,0,83,63,73,65.3
1/15/2020,2020,January,1/15/2020,0.00001,83,67,75,66.3
1/16/2020,2020,January,1/16/2020,0,84,64,74,63.8
1/17/2020,2020,January,1/17/2020,0,78,66,72,59.4
1/18/2020,2020,January,1/18/2020,0,80,62,71,54.4
1/19/2020,2020,January,1/19/2020,0,80,63,71.5,59.4
1/20/2020,2020,January,1/20/2020,0.00001,70,47,58.5,43.2
1/21/2020,2020,January,1/21/2020,0,57,40,48.5,35.7
1/22/2020,2020,January,1/22/2020,0.00001,55,36,45.5,29.5
1/23/2020,2020,January,1/23/2020,0.18,72,54,63,54
1/24/2020,2020,January,1/24/2020,0.00001,79,59,69,59.8
1/25/2020,2020,January,1/25/2020,0,70,52,61,49.6
1/26/2020,2020,January,1/26/2020,0,68,46,57,39.7
1/27/2020,2020,January,1/27/2020,0.00001,73,55,64,45.2
1/28/2020,2020,January,1/28/2020,0,71,51,61,46.8
1/29/2020,2020,January,1/29/2020,0.00001,76,49,62.5,47
1/30/2020,2020,January,1/30/2020,0.00001,74,55,64.5,55.5
1/31/2020,2020,January,1/31/2020,0.00001,76,59,67.5,57.5
2/1/2020,2020,February,2/1/2020,0.16,65,55,60,59.4
2/2/2020,2020,February,2/2/2020,0,66,48,57,43.2
2/3/2020,2020,February,2/3/2020,0,75,44,59.5,43
2/4/2020,2020,February,2/4/2020,0,79,50,64.5,50
2/5/2020,2020,February,2/5/2020,0,82,57,69.5,58.9
2/6/2020,2020,February,2/6/2020,0,88,69,78.5,65.5
2/7/2020,2020,February,2/7/2020,0.72,79,50,64.5,51.9
2/8/2020,2020,February,2/8/2020,0,72,45,58.5,40.3
2/9/2020,2020,February,2/9/2020,0,78,53,65.5,50.7
2/10/2020,2020,February,2/10/2020,0,84,57,70.5,57.1
2/11/2020,2020,February,2/11/2020,0,87,64,75.5,64.3
2/12/2020,2020,February,2/12/2020,0,88,66,77,65.7
2/13/2020,2020,February,2/13/2020,0,89,69,79,67.2
2/14/2020,2020,February,2/14/2020,0.02,76,59,67.5,65.3
2/15/2020,2020,February,2/15/2020,0,79,59,69,54.3
2/16/2020,2020,February,2/16/2020,0.09,84,60,72,61.2
2/17/2020,2020,February,2/17/2020,0,85,63,74,63.6
2/18/2020,2020,February,2/18/2020,0,87,65,76,65.1
2/19/2020,2020,February,2/19/2020,0.00001,88,70,79,67.4
2/20/2020,2020,February,2/20/2020,0,86,68,77,66.2
2/21/2020,2020,February,2/21/2020,0.03,67,48,57.5,52.9
2/22/2020,2020,February,2/22/2020,0,74,46,60,43
2/23/2020,2020,February,2/23/2020,0,78,53,65.5,50.1
2/24/2020,2020,February,2/24/2020,0,81,54,67.5,51.9
2/25/2020,2020,February,2/25/2020,0,87,61,74,60.3
2/26/2020,2020,February,2/26/2020,0.54,81,64,72.5,62.3
2/27/2020,2020,February,2/27/2020,0.01,64,49,56.5,44.3
2/28/2020,2020,February,2/28/2020,0,65,44,54.5,36
2/29/2020,2020,February,2/29/2020,0.00001,67,44,55.5,35.1
3/1/2020,2020,March,3/1/2020,0,72,43,57.5,37.8
3/2/2020,2020,March,3/2/2020,0,79,52,65.5,49.4
3/3/2020,2020,March,3/3/2020,0,85,57,71,55.9
3/4/2020,2020,March,3/4/2020,0,90,63,76.5,62.7
3/5/2020,2020,March,3/5/2020,0.00001,92,69,80.5,66.4
3/6/2020,2020,March,3/6/2020,0.02,78,59,68.5,58.9
3/7/2020,2020,March,3/7/2020,0,66,50,58,34.2
3/8/2020,2020,March,3/8/2020,0,75,50,62.5,44.5
3/9/2020,2020,March,3/9/2020,0.00001,76,58,67,51.9
3/10/2020,2020,March,3/10/2020,0.00001,79,60,69.5,57.8
3/11/2020,2020,March,3/11/2020,0,85,59,72,58
3/12/2020,2020,March,3/12/2020,0,85,64,74.5,60.3
3/13/2020,2020,March,3/13/2020,0,88,61,74.5,60.1
3/14/2020,2020,March,3/14/2020,0,88,62,75,60.3
3/15/2020,2020,March,3/15/2020,0,89,64,76.5,62.3
3/16/2020,2020,March,3/16/2020,0,82,65,73.5,63.4
3/17/2020,2020,March,3/17/2020,0,87,65,76,63.4
3/18/2020,2020,March,3/18/2020,0,88,64,76,63.1
3/19/2020,2020,March,3/19/2020,0,89,64,76.5,62.8
3/20/2020,2020,March,3/20/2020,0,89,65,77,62.8
3/21/2020,2020,March,3/21/2020,0,89,65,77,63.2
3/22/2020,2020,March,3/22/2020,0,89,66,77.5,63.4
3/23/2020,2020,March,3/23/2020,0,89,67,78,63.5
3/24/2020,2020,March,3/24/2020,0,90,66,78,61.8
3/25/2020,2020,March,3/25/2020,0,90,66,78,63
3/26/2020,2020,March,3/26/2020,0,89,71,80,65.9
3/27/2020,2020,March,3/27/2020,0,90,68,79,67
3/28/2020,2020,March,3/28/2020,0,93,67,80,63.9
3/29/2020,2020,March,3/29/2020,0,91,64,77.5,65.2
3/30/2020,2020,March,3/30/2020,0,91,69,80,65.9
3/31/2020,2020,March,3/31/2020,0.32,91,70,80.5,64.2
4/1/2020,2020,April,4/1/2020,0,76,58,67,55.7
4/2/2020,2020,April,4/2/2020,0,79,55,67,49.4
4/3/2020,2020,April,4/3/2020,0,84,57,70.5,51.3
4/4/2020,2020,April,4/4/2020,0,88,60,74,56.2
4/5/2020,2020,April,4/5/2020,0.29,73,64,68.5,57.5
4/6/2020,2020,April,4/6/2020,0.00001,81,65,73,60.3
4/7/2020,2020,April,4/7/2020,0,87,63,75,61.1
4/8/2020,2020,April,4/8/2020,0,90,68,79,65.7
4/9/2020,2020,April,4/9/2020,0,91,73,82,68.1
4/10/2020,2020,April,4/10/2020,0.00001,87,65,76,67
4/11/2020,2020,April,4/11/2020,0,84,60,72,55.6
4/12/2020,2020,April,4/12/2020,0,94,72,83,68.2
4/13/2020,2020,April,4/13/2020,0,97,76,86.5,70.6
4/14/2020,2020,April,4/14/2020,0,93,74,83.5,69.8
4/15/2020,2020,April,4/15/2020,0.04,94,72,83,71.6
4/16/2020,2020,April,4/16/2020,0.13,73,62,67.5,63.5
4/17/2020,2020,April,4/17/2020,0,83,64,73.5,61.9
4/18/2020,2020,April,4/18/2020,0.46,83,71,77,69.6
4/19/2020,2020,April,4/19/2020,0,93,70,81.5,67.4
4/20/2020,2020,April,4/20/2020,0.03,88,69,78.5,69.7
4/21/2020,2020,April,4/21/2020,0,87,63,75,60.6
4/22/2020,2020,April,4/22/2020,0,86,66,76,55
4/23/2020,2020,April,4/23/2020,0,92,68,80,61.3
4/24/2020,2020,April,4/24/2020,0.65,79,69,74,67.5
4/25/2020,2020,April,4/25/2020,0,88,67,77.5,68.4
4/26/2020,2020,April,4/26/2020,0,89,70,79.5,68.6
4/27/2020,2020,April,4/27/2020,0,80,61,70.5,49.8
4/28/2020,2020,April,4/28/2020,0,83,58,70.5,54.2
4/29/2020,2020,April,4/29/2020,0,88,63,75.5,59.2
4/30/2020,2020,April,4/30/2020,0.6,83,62,72.5,65.4
5/1/2020,2020,May,5/1/2020,0,82,56,69,49.8
5/2/2020,2020,May,5/2/2020,0,87,59,73,50.4
5/3/2020,2020,May,5/3/2020,0,88,62,75,57.9
5/4/2020,2020,May,5/4/2020,0,90,64,77,61.7
5/5/2020,2020,May,5/5/2020,0,91,67,79,63.4
5/6/2020,2020,May,5/6/2020,0,91,69,80,63.7
5/7/2020,2020,May,5/7/2020,0,78,59,68.5,50.5
5/8/2020,2020,May,5/8/2020,0,86,54,70,48.2
5/9/2020,2020,May,5/9/2020,0,87,67,77,61.5
5/10/2020,2020,May,5/10/2020,0.00001,83,67,75,63.8
5/11/2020,2020,May,5/11/2020,0,88,65,76.5,61.2
5/12/2020,2020,May,5/12/2020,0,87,62,74.5,52.9
5/13/2020,2020,May,5/13/2020,0,86,64,75,59
5/14/2020,2020,May,5/14/2020,0,85,67,76,60.4
5/15/2020,2020,May,5/15/2020,0.03,88,69,78.5,64
5/16/2020,2020,May,5/16/2020,0.13,88,73,80.5,70.9
5/17/2020,2020,May,5/17/2020,0.00001,93,73,83,68.9
5/18/2020,2020,May,5/18/2020,0.02,89,71,80,67.4
5/19/2020,2020,May,5/19/2020,0,94,69,81.5,64.3
5/20/2020,2020,May,5/20/2020,0,93,66,79.5,62.2
5/21/2020,2020,May,5/21/2020,0.21,95,67,81,65.5
5/22/2020,2020,May,5/22/2020,0.00001,94,68,81,68.1
5/23/2020,2020,May,5/23/2020,0,92,74,83,70.3
5/24/2020,2020,May,5/24/2020,0.01,87,75,81,70.4
5/25/2020,2020,May,5/25/2020,0.22,77,72,74.5,71
5/26/2020,2020,May,5/26/2020,0.36,89,73,81,71.5
5/27/2020,2020,May,5/27/2020,0.22,88,72,80,72.5
5/28/2020,2020,May,5/28/2020,1.45,93,70,81.5,72.1
5/29/2020,2020,May,5/29/2020,0.02,92,71,81.5,70.4
5/30/2020,2020,May,5/30/2020,1.18,93,72,82.5,72
5/31/2020,2020,May,5/31/2020,0,94,70,82,69.2
6/1/2020,2020,June,6/1/2020,0,91,77,84,72.4
6/2/2020,2020,June,6/2/2020,0.32,82,74,78,71.7
6/3/2020,2020,June,6/3/2020,0.01,85,75,80,70.5
6/4/2020,2020,June,6/4/2020,2.07,79,72,75.5,72.8
6/5/2020,2020,June,6/5/2020,0.11,91,72,81.5,70.9
6/6/2020,2020,June,6/6/2020,0.66,82,73,77.5,74.3
6/7/2020,2020,June,6/7/2020,1.04,86,74,80,75
6/8/2020,2020,June,6/8/2020,0,93,75,84,74.6
6/9/2020,2020,June,6/9/2020,0.03,92,74,83,74.1
6/10/2020,2020,June,6/10/2020,0.15,96,74,85,72.8
6/11/2020,2020,June,6/11/2020,0.04,91,74,82.5,73.4
6/12/2020,2020,June,6/12/2020,0,91,72,81.5,68.8
6/13/2020,2020,June,6/13/2020,0.00001,88,75,81.5,69
6/14/2020,2020,June,6/14/2020,0.49,91,72,81.5,70.5
6/15/2020,2020,June,6/15/2020,0,91,72,81.5,69.2
6/16/2020,2020,June,6/16/2020,0,89,70,79.5,65.5
6/17/2020,2020,June,6/17/2020,0.1,90,71,80.5,66.4
6/18/2020,2020,June,6/18/2020,2.01,92,72,82,70.8
6/19/2020,2020,June,6/19/2020,0.1,89,73,81,73
6/20/2020,2020,June,6/20/2020,0.25,93,72,82.5,71.8
6/21/2020,2020,June,6/21/2020,0.00001,94,73,83.5,71
6/22/2020,2020,June,6/22/2020,3.02,94,71,82.5,70.7
6/23/2020,2020,June,6/23/2020,0.01,93,73,83,72.3
6/24/2020,2020,June,6/24/2020,0.00001,94,76,85,73.1
6/25/2020,2020,June,6/25/2020,0.00001,97,78,87.5,72.9
6/26/2020,2020,June,6/26/2020,0,96,77,86.5,73.6
6/27/2020,2020,June,6/27/2020,0,95,77,86,73.3
6/28/2020,2020,June,6/28/2020,0,95,76,85.5,72.6
6/29/2020,2020,June,6/29/2020,0,97,77,87,72.6
6/30/2020,2020,June,6/30/2020,0,96,77,86.5,72.1
7/1/2020,2020,July,7/1/2020,0.29,95,74,84.5,73.4
7/2/2020,2020,July,7/2/2020,0.73,93,75,84,74.1
7/3/2020,2020,July,7/3/2020,0.16,90,77,83.5,73.8
7/4/2020,2020,July,7/4/2020,0.39,93,74,83.5,73.2
7/5/2020,2020,July,7/5/2020,0.44,91,74,82.5,72.8
7/6/2020,2020,July,7/6/2020,0.36,92,71,81.5,73.1
7/7/2020,2020,July,7/7/2020,0.02,91,74,82.5,74.1
7/8/2020,2020,July,7/8/2020,0.39,89,76,82.5,75.1
7/9/2020,2020,July,7/9/2020,0.03,94,78,86,74.4
7/10/2020,2020,July,7/10/2020,0.74,93,76,84.5,75.4
7/11/2020,2020,July,7/11/2020,0.29,91,76,83.5,75.4
7/12/2020,2020,July,7/12/2020,0,95,75,85,74.5
7/13/2020,2020,July,7/13/2020,0,96,77,86.5,73.1
7/14/2020,2020,July,7/14/2020,1.62,94,76,85,75.1
7/15/2020,2020,July,7/15/2020,0.31,95,75,85,73.9
7/16/2020,2020,July,7/16/2020,0,92,75,83.5,73.6
7/17/2020,2020,July,7/17/2020,0,93,77,85,73.8
7/18/2020,2020,July,7/18/2020,0.00001,93,77,85,74.3
7/19/2020,2020,July,7/19/2020,0.00001,93,78,85.5,74.5
7/20/2020,2020,July,7/20/2020,0.12,89,74,81.5,74.3
7/21/2020,2020,July,7/21/2020,0.17,91,77,84,73.5
7/22/2020,2020,July,7/22/2020,0.08,89,76,82.5,74.3
7/23/2020,2020,July,7/23/2020,0.49,86,74,80,75.2
7/24/2020,2020,July,7/24/2020,0,91,74,82.5,73.2
7/25/2020,2020,July,7/25/2020,0,92,77,84.5,74
7/26/2020,2020,July,7/26/2020,0,92,75,83.5,74
7/27/2020,2020,July,7/27/2020,0.22,93,74,83.5,72.6
7/28/2020,2020,July,7/28/2020,0.11,89,74,81.5,73.3
7/29/2020,2020,July,7/29/2020,0.22,92,75,83.5,73.9
7/30/2020,2020,July,7/30/2020,0.01,94,75,84.5,73.4
7/31/2020,2020,July,7/31/2020,0,94,76,85,74.8
8/1/2020,2020,August,8/1/2020,0,94,78,86,74
8/2/2020,2020,August,8/2/2020,0.08,88,79,83.5,75.4
8/3/2020,2020,August,8/3/2020,0,94,77,85.5,73.1
8/4/2020,2020,August,8/4/2020,0.53,93,75,84,75.2
8/5/2020,2020,August,8/5/2020,1.14,92,73,82.5,74.7
8/6/2020,2020,August,8/6/2020,0.97,93,73,83,74.1
8/7/2020,2020,August,8/7/2020,0.00001,94,75,84.5,74.4
8/8/2020,2020,August,8/8/2020,0.00001,95,75,85,72.5
8/9/2020,2020,August,8/9/2020,1.34,95,72,83.5,75.2
8/10/2020,2020,August,8/10/2020,0.00001,94,76,85,74.9
8/11/2020,2020,August,8/11/2020,0.00001,95,76,85.5,73.8
8/12/2020,2020,August,8/12/2020,0.12,92,75,83.5,73.9
8/13/2020,2020,August,8/13/2020,0.19,93,78,85.5,75.1
8/14/2020,2020,August,8/14/2020,0.00001,94,77,85.5,74.2
8/15/2020,2020,August,8/15/2020,0.31,93,77,85,74.4
8/16/2020,2020,August,8/16/2020,0.74,91,77,84,75.8
8/17/2020,2020,August,8/17/2020,0.04,91,74,82.5,74.9
8/18/2020,2020,August,8/18/2020,0.17,91,74,82.5,74.2
8/19/2020,2020,August,8/19/2020,0,87,73,80,73
8/20/2020,2020,August,8/20/2020,0.1,90,74,82,72.7
8/21/2020,2020,August,8/21/2020,0.11,91,74,82.5,73.7
8/22/2020,2020,August,8/22/2020,0.13,93,75,84,75
8/23/2020,2020,August,8/23/2020,0.06,94,77,85.5,76
8/24/2020,2020,August,8/24/2020,0.21,94,79,86.5,77.2
8/25/2020,2020,August,8/25/2020,0,94,80,87,77.4
8/26/2020,2020,August,8/26/2020,0,94,79,86.5,76.3
8/27/2020,2020,August,8/27/2020,0.14,92,78,85,76.9
8/28/2020,2020,August,8/28/2020,0,94,77,85.5,75.6
8/29/2020,2020,August,8/29/2020,0.03,94,77,85.5,76.1
8/30/2020,2020,August,8/30/2020,0.35,87,76,81.5,75.5
8/31/2020,2020,August,8/31/2020,0.66,89,73,81,73.9
9/1/2020,2020,September,9/1/2020,0,93,74,83.5,74.1
9/2/2020,2020,September,9/2/2020,0.15,95,78,86.5,75.6
9/3/2020,2020,September,9/3/2020,0,96,77,86.5,75.1
9/4/2020,2020,September,9/4/2020,0.11,96,78,87,76.5
9/5/2020,2020,September,9/5/2020,0,95,78,86.5,75.6
9/6/2020,2020,September,9/6/2020,0.00001,93,77,85,75.6
9/7/2020,2020,September,9/7/2020,0.16,92,74,83,73.8
9/8/2020,2020,September,9/8/2020,0.00001,91,74,82.5,73.7
9/9/2020,2020,September,9/9/2020,4.05,92,73,82.5,74.6
9/10/2020,2020,September,9/10/2020,0.00001,90,75,82.5,75
9/11/2020,2020,September,9/11/2020,0.14,91,77,84,76.4
9/12/2020,2020,September,9/12/2020,0.35,85,76,80.5,75.9
9/13/2020,2020,September,9/13/2020,0.39,86,75,80.5,74.8
9/14/2020,2020,September,9/14/2020,0.93,89,75,82,75.9
9/15/2020,2020,September,9/15/2020,0,90,76,83,75.4
9/16/2020,2020,September,9/16/2020,0.00001,92,75,83.5,74.4
9/17/2020,2020,September,9/17/2020,0.48,92,77,84.5,75.1
9/18/2020,2020,September,9/18/2020,0.00001,91,77,84,75.1
9/19/2020,2020,September,9/19/2020,0.15,91,74,82.5,72.2
9/20/2020,2020,September,9/20/2020,1.37,82,76,79,75.9
9/21/2020,2020,September,9/21/2020,0.00001,86,73,79.5,68
9/22/2020,2020,September,9/22/2020,0.00001,87,70,78.5,66.9
9/23/2020,2020,September,9/23/2020,0,87,69,78,65.5
9/24/2020,2020,September,9/24/2020,0.00001,90,72,81,69.5
9/25/2020,2020,September,9/25/2020,0,94,74,84,73.9
9/26/2020,2020,September,9/26/2020,0.00001,94,74,84,74.2
9/27/2020,2020,September,9/27/2020,1.51,92,73,82.5,75.4
9/28/2020,2020,September,9/28/2020,0.19,88,74,81,74.7
9/29/2020,2020,September,9/29/2020,0.76,89,71,80,74.3
9/30/2020,2020,September,9/30/2020,0,78,64,71,64.3
10/1/2020,2020,October,10/1/2020,0,83,69,76,61.4
10/2/2020,2020,October,10/2/2020,0,83,67,75,63
10/3/2020,2020,October,10/3/2020,0.08,80,68,74,67.1
10/4/2020,2020,October,10/4/2020,0.02,80,71,75.5,71.9
10/5/2020,2020,October,10/5/2020,0.00001,86,73,79.5,73.2
10/6/2020,2020,October,10/6/2020,0,92,74,83,75.2
10/7/2020,2020,October,10/7/2020,0.1,93,76,84.5,75.8
10/8/2020,2020,October,10/8/2020,0.00001,91,75,83,73.5
10/9/2020,2020,October,10/9/2020,0.04,89,75,82,74.1
10/10/2020,2020,October,10/10/2020,0,92,74,83,73.9
10/11/2020,2020,October,10/11/2020,0.65,91,74,82.5,75.1
10/12/2020,2020,October,10/12/2020,0,88,72,80,71.4
10/13/2020,2020,October,10/13/2020,0,88,73,80.5,69.8
10/14/2020,2020,October,10/14/2020,0,90,70,80,69.2
10/15/2020,2020,October,10/15/2020,0,90,71,80.5,70.3
10/16/2020,2020,October,10/16/2020,0,90,73,81.5,71.2
10/17/2020,2020,October,10/17/2020,0.24,87,71,79,68.7
10/18/2020,2020,October,10/18/2020,0.02,86,71,78.5,70.8
10/19/2020,2020,October,10/19/2020,0.99,85,71,78,71
10/20/2020,2020,October,10/20/2020,0.00001,86,75,80.5,73.1
10/21/2020,2020,October,10/21/2020,0.03,86,73,79.5,71.9
10/22/2020,2020,October,10/22/2020,0.22,86,73,79.5,72
10/23/2020,2020,October,10/23/2020,0.24,82,72,77,71.5
10/24/2020,2020,October,10/24/2020,0,86,70,78,70.6
10/25/2020,2020,October,10/25/2020,0,88,72,80,72.3
10/26/2020,2020,October,10/26/2020,0.00001,89,71,80,72.8
10/27/2020,2020,October,10/27/2020,0.00001,88,75,81.5,74.1
10/28/2020,2020,October,10/28/2020,0,90,74,82,73.8
10/29/2020,2020,October,10/29/2020,0.00001,91,73,82,73.6
10/30/2020,2020,October,10/30/2020,0,79,63,71,61.2
10/31/2020,2020,October,10/31/2020,0,86,61,73.5,61.6
11/1/2020,2020,November,11/1/2020,2.18,85,71,78,70.9
11/2/2020,2020,November,11/2/2020,0,73,58,65.5,58.8
11/3/2020,2020,November,11/3/2020,0,78,55,66.5,52.3
11/4/2020,2020,November,11/4/2020,0,80,60,70,57.2
11/5/2020,2020,November,11/5/2020,0.02,84,66,75,65
11/6/2020,2020,November,11/6/2020,0,83,66,74.5,67
11/7/2020,2020,November,11/7/2020,0,85,71,78,68.7
11/8/2020,2020,November,11/8/2020,0.08,79,70,74.5,69.2
11/9/2020,2020,November,11/9/2020,0.46,80,75,77.5,72.8
11/10/2020,2020,November,11/10/2020,0.56,82,75,78.5,74.2
11/11/2020,2020,November,11/11/2020,0.06,85,74,79.5,75
11/12/2020,2020,November,11/12/2020,0.61,82,73,77.5,73.7
11/13/2020,2020,November,11/13/2020,0.00001,79,69,74,70.4
11/14/2020,2020,November,11/14/2020,0,82,68,75,68.9
11/15/2020,2020,November,11/15/2020,1.07,85,69,77,70.7
11/16/2020,2020,November,11/16/2020,0.00001,80,66,73,69.8
11/17/2020,2020,November,11/17/2020,0,76,57,66.5,56
11/18/2020,2020,November,11/18/2020,0,76,55,65.5,50.2
11/19/2020,2020,November,11/19/2020,0.00001,76,59,67.5,55.4
11/20/2020,2020,November,11/20/2020,0.00001,79,61,70,61.8
11/21/2020,2020,November,11/21/2020,0.02,77,64,70.5,65.2
11/22/2020,2020,November,11/22/2020,0.1,77,64,70.5,66.3
11/23/2020,2020,November,11/23/2020,0,77,60,68.5,63
11/24/2020,2020,November,11/24/2020,0,80,58,69,57.5
11/25/2020,2020,November,11/25/2020,0,82,63,72.5,60.3
11/26/2020,2020,November,11/26/2020,0,82,60,71,62.9
11/27/2020,2020,November,11/27/2020,0,82,63,72.5,64.3
11/28/2020,2020,November,11/28/2020,0,82,62,72,64.2
11/29/2020,2020,November,11/29/2020,0,81,65,73,64
11/30/2020,2020,November,11/30/2020,0.08,73,56,64.5,63.2
12/1/2020,2020,December,12/1/2020,0,56,42,49,37.6
12/2/2020,2020,December,12/2/2020,0,60,39,49.5,30.1
12/3/2020,2020,December,12/3/2020,0,73,43,58,46.4
12/4/2020,2020,December,12/4/2020,0.00001,75,58,66.5,57.2
12/5/2020,2020,December,12/5/2020,0.00001,74,53,63.5,58
12/6/2020,2020,December,12/6/2020,0.04,72,49,60.5,46.6
12/7/2020,2020,December,12/7/2020,0.2,63,51,57,53.9
12/8/2020,2020,December,12/8/2020,0,57,42,49.5,38.3
12/9/2020,2020,December,12/9/2020,0,60,40,50,37
12/10/2020,2020,December,12/10/2020,0,69,42,55.5,43.9
12/11/2020,2020,December,12/11/2020,0,71,46,58.5,48.8
12/12/2020,2020,December,12/12/2020,0.01,71,55,63,58.1
12/13/2020,2020,December,12/13/2020,0,80,56,68,61.8
12/14/2020,2020,December,12/14/2020,0.00001,79,62,70.5,65.6
12/15/2020,2020,December,12/15/2020,0,73,59,66,61.7
12/16/2020,2020,December,12/16/2020,0.19,77,58,67.5,60.9
12/17/2020,2020,December,12/17/2020,0.00001,66,48,57,59.1
12/18/2020,2020,December,12/18/2020,0,60,40,50,39.3
12/19/2020,2020,December,12/19/2020,0,72,47,59.5,48.8
12/20/2020,2020,December,12/20/2020,0.4,75,51,63,56.8
12/21/2020,2020,December,12/21/2020,0.00001,68,53,60.5,59.6
12/22/2020,2020,December,12/22/2020,0,71,49,60,48
12/23/2020,2020,December,12/23/2020,0,75,48,61.5,49.2
12/24/2020,2020,December,12/24/2020,0.12,81,52,66.5,60.9
12/25/2020,2020,December,12/25/2020,0.08,53,38,45.5,36.8
12/26/2020,2020,December,12/26/2020,0,53,35,44,27.3
12/27/2020,2020,December,12/27/2020,0,70,37,53.5,36.8
12/28/2020,2020,December,12/28/2020,0,76,50,63,50.9
12/29/2020,2020,December,12/29/2020,0,75,53,64,54.1
12/30/2020,2020,December,12/30/2020,0.00001,77,56,66.5,56.6
12/31/2020,2020,December,12/31/2020,0.00001,83,66,74.5,62.5
1/1/2021,2021,January,1/1/2021,0,83,66,74.5,66.2
1/2/2021,2021,January,1/2/2021,0.00001,83,66,74.5,66.8
1/3/2021,2021,January,1/3/2021,0.02,70,58,64,63.5
1/4/2021,2021,January,1/4/2021,0,67,47,57,46.4
1/5/2021,2021,January,1/5/2021,0,70,45,57.5,44.5
1/6/2021,2021,January,1/6/2021,0,69,43,56,44
1/7/2021,2021,January,1/7/2021,0,74,52,63,51.2
1/8/2021,2021,January,1/8/2021,0.16,68,50,59,55.1
1/9/2021,2021,January,1/9/2021,0,57,42,49.5,39.9
1/10/2021,2021,January,1/10/2021,0,63,37,50,38.9
1/11/2021,2021,January,1/11/2021,0,75,50,62.5,51.6
1/12/2021,2021,January,1/12/2021,0,65,55,60,56.6
1/13/2021,2021,January,1/13/2021,0.01,59,51,55,50.5
1/14/2021,2021,January,1/14/2021,0.00001,64,46,55,46.1
1/15/2021,2021,January,1/15/2021,0.03,74,42,58,47.5
1/16/2021,2021,January,1/16/2021,0,62,47,54.5,44.6
1/17/2021,2021,January,1/17/2021,0,60,40,50,42.9
1/18/2021,2021,January,1/18/2021,0,66,45,55.5,44.5
1/19/2021,2021,January,1/19/2021,0,70,40,55,38.8
1/20/2021,2021,January,1/20/2021,0,72,45,58.5,45.4
1/21/2021,2021,January,1/21/2021,0,77,48,62.5,44.9
1/22/2021,2021,January,1/22/2021,0,78,53,65.5,52.3
1/23/2021,2021,January,1/23/2021,0.07,65,57,61,60.3
1/24/2021,2021,January,1/24/2021,0,79,56,67.5,58.9
1/25/2021,2021,January,1/25/2021,0,82,60,71,63.8
1/26/2021,2021,January,1/26/2021,0,77,57,67,63.2
1/27/2021,2021,January,1/27/2021,0.04,82,60,71,64.2
1/28/2021,2021,January,1/28/2021,0,70,45,57.5,52.9
1/29/2021,2021,January,1/29/2021,0,66,44,55,39.1
1/30/2021,2021,January,1/30/2021,0,72,45,58.5,45.7
1/31/2021,2021,January,1/31/2021,0,78,52,65,54.1
2/1/2021,2021,February,2/1/2021,0.23,67,44,55.5,54.3
2/2/2021,2021,February,2/2/2021,0,55,41,48,30.6
2/3/2021,2021,February,2/3/2021,0,59,37,48,27.9
2/4/2021,2021,February,2/4/2021,0,66,35,50.5,29.4
2/5/2021,2021,February,2/5/2021,0,79,42,60.5,44.7
2/6/2021,2021,February,2/6/2021,0.05,73,55,64,58.3
2/7/2021,2021,February,2/7/2021,0.18,80,60,70,66.1
2/8/2021,2021,February,2/8/2021,0.00001,72,58,65,58.4
2/9/2021,2021,February,2/9/2021,0,86,67,76.5,65.6
2/10/2021,2021,February,2/10/2021,0,85,67,76,65.6
2/11/2021,2021,February,2/11/2021,0.01,84,62,73,64.9
2/12/2021,2021,February,2/12/2021,0,83,63,73,66.1
2/13/2021,2021,February,2/13/2021,0.6,81,66,73.5,67.8
2/14/2021,2021,February,2/14/2021,1.08,87,68,77.5,66.9
2/15/2021,2021,February,2/15/2021,0,87,67,77,67.3
2/16/2021,2021,February,2/16/2021,0.35,76,63,69.5,62
2/17/2021,2021,February,2/17/2021,0.02,68,60,64,55
2/18/2021,2021,February,2/18/2021,0.00001,87,65,76,65.6
2/19/2021,2021,February,2/19/2021,0.02,87,54,70.5,66.1
2/20/2021,2021,February,2/20/2021,0,67,49,58,46.7
2/21/2021,2021,February,2/21/2021,0,73,50,61.5,46.6
2/22/2021,2021,February,2/22/2021,0.00001,82,55,68.5,57.3
2/23/2021,2021,February,2/23/2021,0,76,57,66.5,60.1
2/24/2021,2021,February,2/24/2021,0,81,54,67.5,55
2/25/2021,2021,February,2/25/2021,0,81,55,68,53.1
2/26/2021,2021,February,2/26/2021,0,83,55,69,52.4
2/27/2021,2021,February,2/27/2021,0,87,64,75.5,62.2
2/28/2021,2021,February,2/28/2021,0,88,67,77.5,66.6
3/1/2021,2021,March,3/1/2021,0,87,68,77.5,68
3/2/2021,2021,March,3/2/2021,0.05,82,63,72.5,65.2
3/3/2021,2021,March,3/3/2021,0.47,75,57,66,62.6
3/4/2021,2021,March,3/4/2021,0,74,55,64.5,52
3/5/2021,2021,March,3/5/2021,0,77,51,64,45.5
3/6/2021,2021,March,3/6/2021,0.00001,70,56,63,55.6
3/7/2021,2021,March,3/7/2021,0.00001,69,48,58.5,47.1
3/8/2021,2021,March,3/8/2021,0,71,46,58.5,40.8
3/9/2021,2021,March,3/9/2021,0,75,51,63,47.7
3/10/2021,2021,March,3/10/2021,0,76,53,64.5,50.9
3/11/2021,2021,March,3/11/2021,0,79,55,67,52.4
3/12/2021,2021,March,3/12/2021,0,81,54,67.5,55.5
3/13/2021,2021,March,3/13/2021,0,82,55,68.5,55.6
3/14/2021,2021,March,3/14/2021,0,83,56,69.5,57.3
3/15/2021,2021,March,3/15/2021,0,84,60,72,60.9
3/16/2021,2021,March,3/16/2021,0,86,62,74,62.5
3/17/2021,2021,March,3/17/2021,0,88,64,76,62.8
3/18/2021,2021,March,3/18/2021,0.00001,89,66,77.5,64.8
3/19/2021,2021,March,3/19/2021,0,75,56,65.5,57.7
3/20/2021,2021,March,3/20/2021,0,69,53,61,51.8
3/21/2021,2021,March,3/21/2021,0.00001,62,52,57,50.5
3/22/2021,2021,March,3/22/2021,0.03,74,56,65,57.5
3/23/2021,2021,March,3/23/2021,0,80,53,66.5,56
3/24/2021,2021,March,3/24/2021,0,84,56,70,56.3
3/25/2021,2021,March,3/25/2021,0,91,64,77.5,64.7
3/26/2021,2021,March,3/26/2021,0,89,70,79.5,69.3
3/27/2021,2021,March,3/27/2021,0,90,65,77.5,65.4
3/28/2021,2021,March,3/28/2021,0,90,67,78.5,66.4
3/29/2021,2021,March,3/29/2021,0,82,67,74.5,66.5
3/30/2021,2021,March,3/30/2021,0.00001,87,65,76,64.7
3/31/2021,2021,March,3/31/2021,1.48,89,67,78,68.2
4/1/2021,2021,April,4/1/2021,0,77,54,65.5,62.8
4/2/2021,2021,April,4/2/2021,0,66,48,57,37.7
4/3/2021,2021,April,4/3/2021,0,72,48,60,41.8
4/4/2021,2021,April,4/4/2021,0,75,52,63.5,49.1
4/5/2021,2021,April,4/5/2021,0,78,52,65,49.3
4/6/2021,2021,April,4/6/2021,0,80,55,67.5,49.4
4/7/2021,2021,April,4/7/2021,0,82,56,69,53.8
4/8/2021,2021,April,4/8/2021,0,83,58,70.5,56
4/9/2021,2021,April,4/9/2021,0,86,60,73,59
4/10/2021,2021,April,4/10/2021,0.25,90,64,77,62.4
4/11/2021,2021,April,4/11/2021,1.4,70,58,64,61.3
4/12/2021,2021,April,4/12/2021,0,84,61,72.5,59.6
4/13/2021,2021,April,4/13/2021,0,90,57,73.5,54.6
4/14/2021,2021,April,4/14/2021,0,87,63,75,62.6
4/15/2021,2021,April,4/15/2021,0.05,87,64,75.5,61.7
4/16/2021,2021,April,4/16/2021,0.00001,85,69,77,65
4/17/2021,2021,April,4/17/2021,0,88,69,78.5,67.9
4/18/2021,2021,April,4/18/2021,0.3,85,69,77,68.8
4/19/2021,2021,April,4/19/2021,0.4,75,68,71.5,67.3
4/20/2021,2021,April,4/20/2021,2.52,76,66,71,66.7
4/21/2021,2021,April,4/21/2021,0,85,68,76.5,64.1
4/22/2021,2021,April,4/22/2021,0,80,60,70,53.7
4/23/2021,2021,April,4/23/2021,0,80,60,70,58
4/24/2021,2021,April,4/24/2021,0,88,67,77.5,63.9
4/25/2021,2021,April,4/25/2021,1.42,87,67,77,68.9
4/26/2021,2021,April,4/26/2021,0,84,64,74,60.8
4/27/2021,2021,April,4/27/2021,0,82,64,73,60.5
4/28/2021,2021,April,4/28/2021,0,84,63,73.5,62
4/29/2021,2021,April,4/29/2021,0,90,68,79,66.3
4/30/2021,2021,April,4/30/2021,0,90,70,80,64.3
5/1/2021,2021,May,5/1/2021,0,89,72,80.5,65
5/2/2021,2021,May,5/2/2021,0,92,72,82,67.4
5/3/2021,2021,May,5/3/2021,0.00001,94,71,82.5,66.8
5/4/2021,2021,May,5/4/2021,0.13,94,72,83,70.2
5/5/2021,2021,May,5/5/2021,0,93,73,83,71.7
5/6/2021,2021,May,5/6/2021,0.00001,92,73,82.5,70.8
5/7/2021,2021,May,5/7/2021,0,84,65,74.5,58.5
5/8/2021,2021,May,5/8/2021,0,86,61,73.5,52
5/9/2021,2021,May,5/9/2021,0,90,65,77.5,60.1
5/10/2021,2021,May,5/10/2021,0,93,71,82,67.3
5/11/2021,2021,May,5/11/2021,0,91,71,81,67.8
5/12/2021,2021,May,5/12/2021,0.01,90,72,81,70.3
5/13/2021,2021,May,5/13/2021,0,80,69,74.5,67.7
5/14/2021,2021,May,5/14/2021,0,86,64,75,61.9
5/15/2021,2021,May,5/15/2021,0,86,64,75,57.5
5/16/2021,2021,May,5/16/2021,0,84,65,74.5,54.5
5/17/2021,2021,May,5/17/2021,0.00001,84,63,73.5,58.9
5/18/2021,2021,May,5/18/2021,0.00001,86,68,77,62.6
5/19/2021,2021,May,5/19/2021,0.00001,86,68,77,62.1
5/20/2021,2021,May,5/20/2021,0.03,85,69,77,62.1
5/21/2021,2021,May,5/21/2021,0.00001,86,67,76.5,60.8
5/22/2021,2021,May,5/22/2021,0,86,64,75,60.1
5/23/2021,2021,May,5/23/2021,0,87,63,75,59.4
5/24/2021,2021,May,5/24/2021,0,89,63,76,60
5/25/2021,2021,May,5/25/2021,0,91,66,78.5,63.1
5/26/2021,2021,May,5/26/2021,0,92,67,79.5,64.8
5/27/2021,2021,May,5/27/2021,0,92,68,80,64.7
5/28/2021,2021,May,5/28/2021,0,94,69,81.5,65.7
5/29/2021,2021,May,5/29/2021,0.00001,93,73,83,65.6
5/30/2021,2021,May,5/30/2021,0,92,70,81,67.5
5/31/2021,2021,May,5/31/2021,0,88,72,80,68.3
6/1/2021,2021,June,6/1/2021,0,93,67,80,63.2
6/2/2021,2021,June,6/2/2021,0.00001,89,71,80,68.6
6/3/2021,2021,June,6/3/2021,0.05,89,71,80,71.6
6/4/2021,2021,June,6/4/2021,0.2,90,72,81,71.6
6/5/2021,2021,June,6/5/2021,0.05,90,72,81,72.8
6/6/2021,2021,June,6/6/2021,0.00001,93,74,83.5,72.8
6/7/2021,2021,June,6/7/2021,0,93,77,85,72.2
6/8/2021,2021,June,6/8/2021,0,94,74,84,70
6/9/2021,2021,June,6/9/2021,0,94,73,83.5,69
6/10/2021,2021,June,6/10/2021,0,94,72,83,67.4
6/11/2021,2021,June,6/11/2021,0,96,74,85,70.3
6/12/2021,2021,June,6/12/2021,0.09,96,74,85,70.7
6/13/2021,2021,June,6/13/2021,0.36,90,71,80.5,71.4
6/14/2021,2021,June,6/14/2021,0.94,91,72,81.5,71.9
6/15/2021,2021,June,6/15/2021,0.1,88,73,80.5,72.2
6/16/2021,2021,June,6/16/2021,0.11,89,73,81,71.9
6/17/2021,2021,June,6/17/2021,0,88,71,79.5,70.1
6/18/2021,2021,June,6/18/2021,0.00001,90,72,81,70.2
6/19/2021,2021,June,6/19/2021,0,93,77,85,73.5
6/20/2021,2021,June,6/20/2021,0.00001,94,77,85.5,72.9
6/21/2021,2021,June,6/21/2021,0.63,93,72,82.5,73
6/22/2021,2021,June,6/22/2021,1.12,93,72,82.5,72.5
6/23/2021,2021,June,6/23/2021,0.21,92,72,82,72.3
6/24/2021,2021,June,6/24/2021,1.96,88,71,79.5,72.3
6/25/2021,2021,June,6/25/2021,0.12,86,73,79.5,72.4
6/26/2021,2021,June,6/26/2021,0.11,87,73,80,73.5
6/27/2021,2021,June,6/27/2021,0.00001,90,74,82,72.8
6/28/2021,2021,June,6/28/2021,0,90,74,82,71.3
6/29/2021,2021,June,6/29/2021,0.27,87,73,80,73.4
6/30/2021,2021,June,6/30/2021,0.74,87,74,80.5,73.2
7/1/2021,2021,July,7/1/2021,0.13,87,73,80,73.4
7/2/2021,2021,July,7/2/2021,0.04,86,71,78.5,73.4
7/3/2021,2021,July,7/3/2021,0.61,79,72,75.5,74
7/4/2021,2021,July,7/4/2021,0,91,73,82,73.3
7/5/2021,2021,July,7/5/2021,0.01,91,73,82,73.8
7/6/2021,2021,July,7/6/2021,0.01,87,73,80,73.5
7/7/2021,2021,July,7/7/2021,0.69,88,75,81.5,75
7/8/2021,2021,July,7/8/2021,0.37,90,73,81.5,73.5
7/9/2021,2021,July,7/9/2021,0.07,94,74,84,73.4
7/10/2021,2021,July,7/10/2021,0.00001,95,73,84,71.1
7/11/2021,2021,July,7/11/2021,0.03,92,77,84.5,72.9
7/12/2021,2021,July,7/12/2021,0.08,90,72,81,72.5
7/13/2021,2021,July,7/13/2021,0.00001,91,73,82,71.6
7/14/2021,2021,July,7/14/2021,0.12,90,76,83,73.5
7/15/2021,2021,July,7/15/2021,0,93,75,84,73.1
7/16/2021,2021,July,7/16/2021,0,94,75,84.5,71.8
7/17/2021,2021,July,7/17/2021,0,94,76,85,71.2
7/18/2021,2021,July,7/18/2021,0.01,95,76,85.5,72.5
7/19/2021,2021,July,7/19/2021,1.64,94,74,84,73.4
7/20/2021,2021,July,7/20/2021,0.16,94,74,84,73.1
7/21/2021,2021,July,7/21/2021,0.00001,93,75,84,74.3
7/22/2021,2021,July,7/22/2021,0.35,97,78,87.5,74
7/23/2021,2021,July,7/23/2021,0.47,93,76,84.5,75.7
7/24/2021,2021,July,7/24/2021,0.00001,94,76,85,73.3
7/25/2021,2021,July,7/25/2021,0.00001,95,77,86,74
7/26/2021,2021,July,7/26/2021,0.00001,93,76,84.5,74.6
7/27/2021,2021,July,7/27/2021,0.38,92,77,84.5,75.4
7/28/2021,2021,July,7/28/2021,0.97,92,75,83.5,75.8
7/29/2021,2021,July,7/29/2021,0.3,94,75,84.5,74.6
7/30/2021,2021,July,7/30/2021,0,94,75,84.5,74.2
7/31/2021,2021,July,7/31/2021,0,95,77,86,74.1
8/1/2021,2021,August,8/1/2021,0.12,94,78,86,74.5
8/2/2021,2021,August,8/2/2021,0.55,94,75,84.5,75.1
8/3/2021,2021,August,8/3/2021,0.00001,90,76,83,73
8/4/2021,2021,August,8/4/2021,0.16,87,75,81,73.2
8/5/2021,2021,August,8/5/2021,0,90,75,82.5,72.9
8/6/2021,2021,August,8/6/2021,2.49,96,75,85.5,72.8
8/7/2021,2021,August,8/7/2021,0.00001,96,76,86,74.4
8/8/2021,2021,August,8/8/2021,0.01,97,77,87,74.5
8/9/2021,2021,August,8/9/2021,0,94,78,86,75.4
8/10/2021,2021,August,8/10/2021,0,92,77,84.5,74.5
8/11/2021,2021,August,8/11/2021,0.6,91,77,84,74.4
8/12/2021,2021,August,8/12/2021,0.00001,94,77,85.5,74.3
8/13/2021,2021,August,8/13/2021,0.07,92,77,84.5,74.5
8/14/2021,2021,August,8/14/2021,0.06,90,77,83.5,75.1
8/15/2021,2021,August,8/15/2021,0.06,89,77,83,74.1
8/16/2021,2021,August,8/16/2021,0.24,93,79,86,76
8/17/2021,2021,August,8/17/2021,0,95,78,86.5,75.8
8/18/2021,2021,August,8/18/2021,0,95,79,87,75.8
8/19/2021,2021,August,8/19/2021,0,97,78,87.5,74.9
8/20/2021,2021,August,8/20/2021,0.72,98,76,87,74.3
8/21/2021,2021,August,8/21/2021,0.00001,96,77,86.5,74.5
8/22/2021,2021,August,8/22/2021,0,95,77,86,73.5
8/23/2021,2021,August,8/23/2021,0,90,78,84,73.9
8/24/2021,2021,August,8/24/2021,0.4,92,72,82,71.8
8/25/2021,2021,August,8/25/2021,0,93,72,82.5,70.9
8/26/2021,2021,August,8/26/2021,0.35,92,73,82.5,73
8/27/2021,2021,August,8/27/2021,0.31,88,77,82.5,75.9
8/28/2021,2021,August,8/28/2021,0.00001,92,78,85,76.3
8/29/2021,2021,August,8/29/2021,0,94,79,86.5,76.3
8/30/2021,2021,August,8/30/2021,0,94,77,85.5,73.8
8/31/2021,2021,August,8/31/2021,0,95,77,86,73.5
9/1/2021,2021,September,9/1/2021,0.00001,87,76,81.5,72.5
9/2/2021,2021,September,9/2/2021,0.92,93,75,84,72.8
9/3/2021,2021,September,9/3/2021,0.3,94,75,84.5,73.3
9/4/2021,2021,September,9/4/2021,0.00001,95,76,85.5,73.2
9/5/2021,2021,September,9/5/2021,0.00001,94,75,84.5,70.8
9/6/2021,2021,September,9/6/2021,0.31,93,76,84.5,73.3
9/7/2021,2021,September,9/7/2021,0.19,94,76,85,73.3
9/8/2021,2021,September,9/8/2021,1.75,93,75,84,73.4
9/9/2021,2021,September,9/9/2021,0.1,86,75,80.5,73.8
9/10/2021,2021,September,9/10/2021,0.00001,92,75,83.5,73
9/11/2021,2021,September,9/11/2021,0.05,90,75,82.5,72.9
9/12/2021,2021,September,9/12/2021,0.13,90,77,83.5,75.6
9/13/2021,2021,September,9/13/2021,0.00001,93,77,85,73.7
9/14/2021,2021,September,9/14/2021,0.27,88,75,81.5,74.2
9/15/2021,2021,September,9/15/2021,0.00001,92,75,83.5,73.2
9/16/2021,2021,September,9/16/2021,0.04,90,75,82.5,73.2
9/17/2021,2021,September,9/17/2021,0.13,90,76,83,74.9
9/18/2021,2021,September,9/18/2021,0.02,91,76,83.5,73.8
9/19/2021,2021,September,9/19/2021,0.1,90,75,82.5,74.6
9/20/2021,2021,September,9/20/2021,0.23,91,75,83,73.8
9/21/2021,2021,September,9/21/2021,0.01,92,75,83.5,73.6
9/22/2021,2021,September,9/22/2021,1.02,91,74,82.5,73
9/23/2021,2021,September,9/23/2021,0.08,91,76,83.5,73.1
9/24/2021,2021,September,9/24/2021,0,88,74,81,69.4
9/25/2021,2021,September,9/25/2021,0,92,73,82.5,69.7
9/26/2021,2021,September,9/26/2021,0,90,72,81,68.7
9/27/2021,2021,September,9/27/2021,0,89,70,79.5,65.4
9/28/2021,2021,September,9/28/2021,0,90,70,80,62.7
9/29/2021,2021,September,9/29/2021,0,88,69,78.5,65.7
9/30/2021,2021,September,9/30/2021,0,89,70,79.5,67.5
10/1/2021,2021,October,10/1/2021,0.18,91,70,80.5,67.6
10/2/2021,2021,October,10/2/2021,0,90,74,82,69.4
10/3/2021,2021,October,10/3/2021,0.00001,90,73,81.5,67
10/4/2021,2021,October,10/4/2021,0.00001,91,71,81,68
10/5/2021,2021,October,10/5/2021,0,90,72,81,69.4
10/6/2021,2021,October,10/6/2021,0,93,75,84,72
10/7/2021,2021,October,10/7/2021,0.00001,95,73,84,73.2
10/8/2021,2021,October,10/8/2021,0.37,91,73,82,74.5
10/9/2021,2021,October,10/9/2021,0,90,72,81,70
10/10/2021,2021,October,10/10/2021,0.00001,90,72,81,69
10/11/2021,2021,October,10/11/2021,0.22,89,70,79.5,69.4
10/12/2021,2021,October,10/12/2021,0,90,72,81,70.5
10/13/2021,2021,October,10/13/2021,0.09,91,73,82,72.2
10/14/2021,2021,October,10/14/2021,0,90,74,82,71.2
10/15/2021,2021,October,10/15/2021,0,91,73,82,69.9
10/16/2021,2021,October,10/16/2021,0,90,71,80.5,67.2
10/17/2021,2021,October,10/17/2021,0.00001,86,66,76,64.2
10/18/2021,2021,October,10/18/2021,0,85,62,73.5,56.9
10/19/2021,2021,October,10/19/2021,0,85,66,75.5,59.7
10/20/2021,2021,October,10/20/2021,0,87,64,75.5,59.9
10/21/2021,2021,October,10/21/2021,0,89,68,78.5,62.1
10/22/2021,2021,October,10/22/2021,0,90,69,79.5,66
10/23/2021,2021,October,10/23/2021,0,90,70,80,67.8
10/24/2021,2021,October,10/24/2021,1.03,88,73,80.5,70.9
10/25/2021,2021,October,10/25/2021,0.04,86,75,80.5,74.2
10/26/2021,2021,October,10/26/2021,0,89,69,79,70.4
10/27/2021,2021,October,10/27/2021,0,85,62,73.5,58
10/28/2021,2021,October,10/28/2021,1.26,85,65,75,67.7
10/29/2021,2021,October,10/29/2021,0.01,84,66,75,64.2
10/30/2021,2021,October,10/30/2021,0.01,75,64,69.5,59.3
10/31/2021,2021,October,10/31/2021,0,75,59,67,56.9
11/1/2021,2021,November,11/1/2021,0,81,58,69.5,55.4
11/2/2021,2021,November,11/2/2021,0,85,65,75,61.8
11/3/2021,2021,November,11/3/2021,0,85,64,74.5,63.5
11/4/2021,2021,November,11/4/2021,0.01,78,67,72.5,65.8
11/5/2021,2021,November,11/5/2021,2.46,72,66,69,65.9
11/6/2021,2021,November,11/6/2021,0.02,69,52,60.5,57.8
11/7/2021,2021,November,11/7/2021,0,71,52,61.5,49
11/8/2021,2021,November,11/8/2021,0,76,55,65.5,50.4
11/9/2021,2021,November,11/9/2021,0,81,58,69.5,53.5
11/10/2021,2021,November,11/10/2021,0.24,80,62,71,62.6
11/11/2021,2021,November,11/11/2021,0.6,85,65,75,66.6
11/12/2021,2021,November,11/12/2021,0.01,81,67,74,68.6
11/13/2021,2021,November,11/13/2021,0.00001,82,61,71.5,65.1
11/14/2021,2021,November,11/14/2021,0,72,54,63,51.9
11/15/2021,2021,November,11/15/2021,0,75,51,63,44.2
11/16/2021,2021,November,11/16/2021,0,80,52,66,52.3
11/17/2021,2021,November,11/17/2021,0,83,59,71,59.5
11/18/2021,2021,November,11/18/2021,0.04,80,66,73,66.4
11/19/2021,2021,November,11/19/2021,0.56,83,69,76,66.6
11/20/2021,2021,November,11/20/2021,0.12,75,68,71.5,66.4
11/21/2021,2021,November,11/21/2021,0.00001,81,67,74,64.4
11/22/2021,2021,November,11/22/2021,0.11,75,64,69.5,65.4
11/23/2021,2021,November,11/23/2021,0,67,50,58.5,49.4
11/24/2021,2021,November,11/24/2021,0,75,50,62.5,45.2
11/25/2021,2021,November,11/25/2021,0,79,56,67.5,53.5
11/26/2021,2021,November,11/26/2021,0,78,56,67,55.6
11/27/2021,2021,November,11/27/2021,0,72,50,61,45
11/28/2021,2021,November,11/28/2021,0.00001,69,51,60,43.7
11/29/2021,2021,November,11/29/2021,0.03,71,52,61.5,46.6
11/30/2021,2021,November,11/30/2021,0,73,47,60,45.4
12/1/2021,2021,December,12/1/2021,0,78,51,64.5,53.1
12/2/2021,2021,December,12/2/2021,0,76,54,65,52.6
12/3/2021,2021,December,12/3/2021,0,77,51,64,51.1
12/4/2021,2021,December,12/4/2021,0,77,51,64,54.1
12/5/2021,2021,December,12/5/2021,0,80,57,68.5,57.7
12/6/2021,2021,December,12/6/2021,0,84,60,72,61.8
12/7/2021,2021,December,12/7/2021,0,81,62,71.5,63.6
12/8/2021,2021,December,12/8/2021,0,84,61,72.5,63.1
12/9/2021,2021,December,12/9/2021,0,80,66,73,65.7
12/10/2021,2021,December,12/10/2021,0,84,62,73,64.6
12/11/2021,2021,December,12/11/2021,0,85,62,73.5,65.5
12/12/2021,2021,December,12/12/2021,0.00001,86,62,74,65.6
12/13/2021,2021,December,12/13/2021,0,85,64,74.5,64
12/14/2021,2021,December,12/14/2021,0.16,82,66,74,65.9
12/15/2021,2021,December,12/15/2021,0.19,79,64,71.5,65.4
12/16/2021,2021,December,12/16/2021,0.00001,84,68,76,66.9
12/17/2021,2021,December,12/17/2021,0,83,63,73,64.5
12/18/2021,2021,December,12/18/2021,0,84,64,74,65.9
12/19/2021,2021,December,12/19/2021,0.00001,86,71,78.5,69.7
12/20/2021,2021,December,12/20/2021,0.7,76,65,70.5,66.5
12/21/2021,2021,December,12/21/2021,1.03,74,60,67,65
12/22/2021,2021,December,12/22/2021,0,66,51,58.5,51.2
12/23/2021,2021,December,12/23/2021,0,73,49,61,46.4
12/24/2021,2021,December,12/24/2021,0,78,53,65.5,53.9
12/25/2021,2021,December,12/25/2021,0,79,54,66.5,55.2
12/26/2021,2021,December,12/26/2021,0,80,54,67,56.9
12/27/2021,2021,December,12/27/2021,0,80,57,68.5,60
12/28/2021,2021,December,12/28/2021,0,81,58,69.5,60.3
12/29/2021,2021,December,12/29/2021,0,83,60,71.5,61.4
12/30/2021,2021,December,12/30/2021,0,82,62,72,64.5
12/31/2021,2021,December,12/31/2021,0,84,62,73,65.8
