COOPID, YEAR, MONTH, DAY, PRECIPITATION, MAX TEMP, MIN TEMP, MEAN TEMP
86628,2015,January,1,0.00001,75,60,67.5
86628,2015,January,2,0,79,61,70
86628,2015,January,3,0,85,67,76
86628,2015,January,4,0,85,67,76
86628,2015,January,5,0.00001,74,56,65
86628,2015,January,6,0,79,56,67.5
86628,2015,January,7,0,68,49,58.5
86628,2015,January,8,0,62,38,50
86628,2015,January,9,0,57,46,51.5
86628,2015,January,10,0,69,44,56.5
86628,2015,January,11,0.08,79,53,66
86628,2015,January,12,2.98,79,63,71
86628,2015,January,13,0,77,62,69.5
86628,2015,January,14,0,65,53,59
86628,2015,January,15,0.02,63,53,58
86628,2015,January,16,0.01,65,50,57.5
86628,2015,January,17,0,74,48,61
86628,2015,January,18,0,71,54,62.5
86628,2015,January,19,0,71,45,58
86628,2015,January,20,0,72,49,60.5
86628,2015,January,21,0,78,52,65
86628,2015,January,22,0,78,54,66
86628,2015,January,23,0.01,80,62,71
86628,2015,January,24,0.36,71,49,60
86628,2015,January,25,0,65,41,53
86628,2015,January,26,0.06,67,51,59
86628,2015,January,27,0,68,44,56
86628,2015,January,28,0,62,44,53
86628,2015,January,29,0,72,44,58
86628,2015,January,30,0.00001,73,46,59.5
86628,2015,January,31,0,72,46,59
86628,2015,February,1,0,75,49,62
86628,2015,February,2,0.13,77,51,64
86628,2015,February,3,0,68,44,56
86628,2015,February,4,0.00001,75,53,64
86628,2015,February,5,1.52,67,50,58.5
86628,2015,February,6,0,68,50,59
86628,2015,February,7,0,73,47,60
86628,2015,February,8,0,75,48,61.5
86628,2015,February,9,0.69,73,53,63
86628,2015,February,10,0,65,54,59.5
86628,2015,February,11,0,68,48,58
86628,2015,February,12,0,71,44,57.5
86628,2015,February,13,0,61,45,53
86628,2015,February,14,0,64,41,52.5
86628,2015,February,15,0,75,49,62
86628,2015,February,16,0,77,49,63
86628,2015,February,17,0.56,80,59,69.5
86628,2015,February,18,0.58,61,45,53
86628,2015,February,19,0,52,39,45.5
86628,2015,February,20,0,58,33,45.5
86628,2015,February,21,0,73,43,58
86628,2015,February,22,0,82,55,68.5
86628,2015,February,23,0.00001,84,57,70.5
86628,2015,February,24,0.03,76,60,68
86628,2015,February,25,0.00001,76,59,67.5
86628,2015,February,26,0.21,75,57,66
86628,2015,February,27,0.00001,57,53,55
86628,2015,February,28,0.86,68,57,62.5
86628,2015,March,1,0.35,80,64,72
86628,2015,March,2,0,84,64,74
86628,2015,March,3,0,84,62,73
86628,2015,March,4,0,86,64,75
86628,2015,March,5,0,88,67,77.5
86628,2015,March,6,0.00001,73,53,63
86628,2015,March,7,0.00001,70,53,61.5
86628,2015,March,8,0,79,55,67
86628,2015,March,9,0,83,58,70.5
86628,2015,March,10,0,87,63,75
86628,2015,March,11,0.01,90,68,79
86628,2015,March,12,0,88,71,79.5
86628,2015,March,13,0,87,68,77.5
86628,2015,March,14,0,88,68,78
86628,2015,March,15,0,88,66,77
86628,2015,March,16,0,86,65,75.5
86628,2015,March,17,0,87,63,75
86628,2015,March,18,0,88,66,77
86628,2015,March,19,0.00001,88,68,78
86628,2015,March,20,0,90,68,79
86628,2015,March,21,0,89,66,77.5
86628,2015,March,22,0,88,70,79
86628,2015,March,23,0.07,80,67,73.5
86628,2015,March,24,0,81,63,72
86628,2015,March,25,0,82,63,72.5
86628,2015,March,26,0.01,88,63,75.5
86628,2015,March,27,0.31,84,61,72.5
86628,2015,March,28,0,70,54,62
86628,2015,March,29,0,72,48,60
86628,2015,March,30,0,78,45,61.5
86628,2015,March,31,0,84,58,71
86628,2015,April,1,0,85,64,74.5
86628,2015,April,2,0,86,63,74.5
86628,2015,April,3,0,87,65,76
86628,2015,April,4,0,87,63,75
86628,2015,April,5,0.01,84,66,75
86628,2015,April,6,0,86,67,76.5
86628,2015,April,7,0.00001,88,66,77
86628,2015,April,8,0,89,65,77
86628,2015,April,9,0,89,64,76.5
86628,2015,April,10,0,90,65,77.5
86628,2015,April,11,1.5,91,69,80
86628,2015,April,12,0.15,90,67,78.5
86628,2015,April,13,0.59,89,70,79.5
86628,2015,April,14,0,88,68,78
86628,2015,April,15,0.00001,90,71,80.5
86628,2015,April,16,0.34,87,71,79
86628,2015,April,17,0.00001,85,70,77.5
86628,2015,April,18,0,89,71,80
86628,2015,April,19,0.00001,92,72,82
86628,2015,April,20,0.53,86,66,76
86628,2015,April,21,0,88,67,77.5
86628,2015,April,22,0,88,69,78.5
86628,2015,April,23,0.54,84,68,76
86628,2015,April,24,0,86,70,78
86628,2015,April,25,0,90,68,79
86628,2015,April,26,0.22,89,76,82.5
86628,2015,April,27,0,83,71,77
86628,2015,April,28,0.33,82,70,76
86628,2015,April,29,0,88,70,79
86628,2015,April,30,0,80,68,74
86628,2015,May,1,0,84,61,72.5
86628,2015,May,2,0,82,60,71
86628,2015,May,3,0,83,61,72
86628,2015,May,4,0.00001,83,65,74
86628,2015,May,5,0.07,82,68,75
86628,2015,May,6,0.00001,84,70,77
86628,2015,May,7,0,87,66,76.5
86628,2015,May,8,0,89,62,75.5
86628,2015,May,9,0,92,67,79.5
86628,2015,May,10,0,93,68,80.5
86628,2015,May,11,0,92,71,81.5
86628,2015,May,12,0,92,71,81.5
86628,2015,May,13,0,93,71,82
86628,2015,May,14,0,92,72,82
86628,2015,May,15,0.39,86,72,79
86628,2015,May,16,0,89,70,79.5
86628,2015,May,17,0,88,73,80.5
86628,2015,May,18,0,89,69,79
86628,2015,May,19,0.00001,93,69,81
86628,2015,May,20,0.16,95,71,83
86628,2015,May,21,0.16,93,71,82
86628,2015,May,22,0,95,74,84.5
86628,2015,May,23,0,93,74,83.5
86628,2015,May,24,0,90,75,82.5
86628,2015,May,25,0.15,90,71,80.5
86628,2015,May,26,0,92,74,83
86628,2015,May,27,0.00001,90,72,81
86628,2015,May,28,0,89,70,79.5
86628,2015,May,29,0,91,68,79.5
86628,2015,May,30,0.00001,92,71,81.5
86628,2015,May,31,0,91,70,80.5
86628,2015,June,1,0.21,92,71,81.5
86628,2015,June,2,0.21,83,70,76.5
86628,2015,June,3,0.00001,88,70,79
86628,2015,June,4,0,92,69,80.5
86628,2015,June,5,0.41,93,70,81.5
86628,2015,June,6,0.00001,91,69,80
86628,2015,June,7,0,90,71,80.5
86628,2015,June,8,0.00001,91,71,81
86628,2015,June,9,0.61,93,70,81.5
86628,2015,June,10,0.32,89,69,79
86628,2015,June,11,0,89,71,80
86628,2015,June,12,0.02,91,72,81.5
86628,2015,June,13,0,93,77,85
86628,2015,June,14,0,94,74,84
86628,2015,June,15,0,94,74,84
86628,2015,June,16,0,96,76,86
86628,2015,June,17,0,96,74,85
86628,2015,June,18,0.00001,97,76,86.5
86628,2015,June,19,1.47,100,73,86.5
86628,2015,June,20,0.03,95,74,84.5
86628,2015,June,21,0,96,74,85
86628,2015,June,22,0,96,78,87
86628,2015,June,23,0.00001,96,75,85.5
86628,2015,June,24,0.00001,95,75,85
86628,2015,June,25,2.54,94,72,83
86628,2015,June,26,0.00001,95,74,84.5
86628,2015,June,27,0.87,93,75,84
86628,2015,June,28,0.05,93,75,84
86628,2015,June,29,0.05,91,75,83
86628,2015,June,30,0,95,75,85
86628,2015,July,1,0.04,94,75,84.5
86628,2015,July,2,0.88,94,73,83.5
86628,2015,July,3,0.00001,95,73,84
86628,2015,July,4,0,95,73,84
86628,2015,July,5,0.95,94,73,83.5
86628,2015,July,6,0.00001,94,72,83
86628,2015,July,7,0.03,90,73,81.5
86628,2015,July,8,0.54,94,72,83
86628,2015,July,9,0.05,94,75,84.5
86628,2015,July,10,0,94,74,84
86628,2015,July,11,0.03,97,74,85.5
86628,2015,July,12,0,96,75,85.5
86628,2015,July,13,0,95,74,84.5
86628,2015,July,14,0.01,93,77,85
86628,2015,July,15,0.1,93,77,85
86628,2015,July,16,0.00001,90,74,82
86628,2015,July,17,0.16,91,75,83
86628,2015,July,18,0.00001,92,74,83
86628,2015,July,19,0,94,74,84
86628,2015,July,20,0.00001,92,74,83
86628,2015,July,21,0.47,93,76,84.5
86628,2015,July,22,0.03,93,76,84.5
86628,2015,July,23,0,94,76,85
86628,2015,July,24,0.15,88,76,82
86628,2015,July,25,0.95,89,74,81.5
86628,2015,July,26,0.02,92,75,83.5
86628,2015,July,27,0.42,89,76,82.5
86628,2015,July,28,1.06,88,76,82
86628,2015,July,29,1.32,93,74,83.5
86628,2015,July,30,0.05,92,75,83.5
86628,2015,July,31,0.16,90,74,82
86628,2015,August,1,2.12,89,72,80.5
86628,2015,August,2,0.76,87,72,79.5
86628,2015,August,3,0.00001,82,74,78
86628,2015,August,4,0.44,91,73,82
86628,2015,August,5,0,94,73,83.5
86628,2015,August,6,0.00001,93,74,83.5
86628,2015,August,7,0.03,88,75,81.5
86628,2015,August,8,0.00001,88,74,81
86628,2015,August,9,0,94,74,84
86628,2015,August,10,0.1,93,76,84.5
86628,2015,August,11,0,96,73,84.5
86628,2015,August,12,0.00001,94,77,85.5
86628,2015,August,13,3.03,90,71,80.5
86628,2015,August,14,0.00001,91,71,81
86628,2015,August,15,0.21,92,73,82.5
86628,2015,August,16,0.89,91,74,82.5
86628,2015,August,17,0.05,90,76,83
86628,2015,August,18,0.01,93,75,84
86628,2015,August,19,0.00001,94,77,85.5
86628,2015,August,20,1.44,92,75,83.5
86628,2015,August,21,0.01,96,75,85.5
86628,2015,August,22,0.58,94,78,86
86628,2015,August,23,0.00001,95,77,86
86628,2015,August,24,0,92,75,83.5
86628,2015,August,25,0,96,77,86.5
86628,2015,August,26,0.1,94,73,83.5
86628,2015,August,27,0.84,85,72,78.5
86628,2015,August,28,0.4,91,73,82
86628,2015,August,29,1.24,91,73,82
86628,2015,August,30,0.02,88,73,80.5
86628,2015,August,31,3.59,91,75,83
86628,2015,September,1,0,92,75,83.5
86628,2015,September,2,0.16,94,77,85.5
86628,2015,September,3,0,93,76,84.5
86628,2015,September,4,1.39,91,72,81.5
86628,2015,September,5,0.81,92,72,82
86628,2015,September,6,0.02,91,75,83
86628,2015,September,7,0.01,86,75,80.5
86628,2015,September,8,0.02,91,75,83
86628,2015,September,9,0,93,74,83.5
86628,2015,September,10,0.00001,92,77,84.5
86628,2015,September,11,0,94,75,84.5
86628,2015,September,12,0.5,89,73,81
86628,2015,September,13,0.12,82,73,77.5
86628,2015,September,14,0,89,70,79.5
86628,2015,September,15,0.35,89,75,82
86628,2015,September,16,0.2,87,73,80
86628,2015,September,17,0.08,82,73,77.5
86628,2015,September,18,0.00001,88,73,80.5
86628,2015,September,19,0.00001,90,75,82.5
86628,2015,September,20,0,91,74,82.5
86628,2015,September,21,0,91,71,81
86628,2015,September,22,0,90,71,80.5
86628,2015,September,23,0.00001,89,74,81.5
86628,2015,September,24,0.00001,88,74,81
86628,2015,September,25,1.75,90,73,81.5
86628,2015,September,26,0.04,91,74,82.5
86628,2015,September,27,0.06,90,76,83
86628,2015,September,28,0,87,76,81.5
86628,2015,September,29,0.47,84,74,79
86628,2015,September,30,0,91,75,83
86628,2015,October,1,0,91,77,84
86628,2015,October,2,0.17,88,74,81
86628,2015,October,3,0.01,86,68,77
86628,2015,October,4,0.00001,77,64,70.5
86628,2015,October,5,0,82,64,73
86628,2015,October,6,0.05,83,67,75
86628,2015,October,7,0,87,67,77
86628,2015,October,8,0.00001,88,70,79
86628,2015,October,9,0,88,73,80.5
86628,2015,October,10,0.05,88,72,80
86628,2015,October,11,0,86,66,76
86628,2015,October,12,0,84,66,75
86628,2015,October,13,0,86,62,74
86628,2015,October,14,0,88,66,77
86628,2015,October,15,0,86,67,76.5
86628,2015,October,16,0,83,65,74
86628,2015,October,17,0,87,60,73.5
86628,2015,October,18,0,83,68,75.5
86628,2015,October,19,0,80,63,71.5
86628,2015,October,20,0,82,64,73
86628,2015,October,21,0.07,84,67,75.5
86628,2015,October,22,0.00001,86,68,77
86628,2015,October,23,0,86,67,76.5
86628,2015,October,24,0,86,64,75
86628,2015,October,25,0,86,70,78
86628,2015,October,26,0,87,67,77
86628,2015,October,27,0.02,81,71,76
86628,2015,October,28,0.13,83,68,75.5
86628,2015,October,29,0,88,65,76.5
86628,2015,October,30,0,86,63,74.5
86628,2015,October,31,0,86,66,76
86628,2015,November,1,0,88,67,77.5
86628,2015,November,2,0,91,73,82
86628,2015,November,3,0,90,71,80.5
86628,2015,November,4,0.14,90,72,81
86628,2015,November,5,0.00001,88,72,80
86628,2015,November,6,0.00001,90,70,80
86628,2015,November,7,0.00001,90,69,79.5
86628,2015,November,8,0,89,70,79.5
86628,2015,November,9,0,91,75,83
86628,2015,November,10,0.01,87,68,77.5
86628,2015,November,11,0,86,65,75.5
86628,2015,November,12,0,88,61,74.5
86628,2015,November,13,0,84,64,74
86628,2015,November,14,0,81,56,68.5
86628,2015,November,15,0,79,64,71.5
86628,2015,November,16,0,85,63,74
86628,2015,November,17,0,85,69,77
86628,2015,November,18,0.01,88,71,79.5
86628,2015,November,19,1.15,85,71,78
86628,2015,November,20,0.03,85,71,78
86628,2015,November,21,1.28,80,68,74
86628,2015,November,22,0.16,79,61,70
86628,2015,November,23,0,67,48,57.5
86628,2015,November,24,0,74,52,63
86628,2015,November,25,0.00001,79,60,69.5
86628,2015,November,26,0.01,81,63,72
86628,2015,November,27,0.02,80,63,71.5
86628,2015,November,28,0.00001,81,63,72
86628,2015,November,29,0.00001,77,62,69.5
86628,2015,November,30,0.01,80,65,72.5
86628,2015,December,1,0.01,80,65,72.5
86628,2015,December,2,0.12,82,66,74
86628,2015,December,3,0.04,71,60,65.5
86628,2015,December,4,0.03,78,61,69.5
86628,2015,December,5,0.00001,80,65,72.5
86628,2015,December,6,0,82,63,72.5
86628,2015,December,7,0,73,56,64.5
86628,2015,December,8,0,78,54,66
86628,2015,December,9,0.00001,76,61,68.5
86628,2015,December,10,0,80,61,70.5
86628,2015,December,11,0,80,56,68
86628,2015,December,12,0,83,61,72
86628,2015,December,13,0.02,82,62,72
86628,2015,December,14,0.05,83,66,74.5
86628,2015,December,15,0,81,64,72.5
86628,2015,December,16,0,84,65,74.5
86628,2015,December,17,0,85,68,76.5
86628,2015,December,18,0.23,75,55,65
86628,2015,December,19,0,68,47,57.5
86628,2015,December,20,0,75,50,62.5
86628,2015,December,21,0.00001,81,57,69
86628,2015,December,22,0,83,67,75
86628,2015,December,23,0,80,71,75.5
86628,2015,December,24,0,84,68,76
86628,2015,December,25,0.01,86,69,77.5
86628,2015,December,26,0.21,85,66,75.5
86628,2015,December,27,0,82,67,74.5
86628,2015,December,28,0,86,69,77.5
86628,2015,December,29,0,85,69,77
86628,2015,December,30,0,87,65,76
86628,2015,December,31,0.00001,82,67,74.5
86628,2016,January,1,0.00001,84,66,75
86628,2016,January,2,0.00001,73,58,65.5
86628,2016,January,3,0.14,61,49,55
86628,2016,January,4,0,65,48,56.5
86628,2016,January,5,0,69,50,59.5
86628,2016,January,6,0.02,72,55,63.5
86628,2016,January,7,0.00001,75,57,66
86628,2016,January,8,0.31,72,59,65.5
86628,2016,January,9,0.22,71,58,64.5
86628,2016,January,10,0,71,54,62.5
86628,2016,January,11,0,60,43,51.5
86628,2016,January,12,0,67,41,54
86628,2016,January,13,0,62,45,53.5
86628,2016,January,14,0,71,47,59
86628,2016,January,15,1,75,58,66.5
86628,2016,January,16,0.00001,78,50,64
86628,2016,January,17,1.22,71,51,61
86628,2016,January,18,0,61,43,52
86628,2016,January,19,0,56,39,47.5
86628,2016,January,20,0,66,38,52
86628,2016,January,21,0,71,42,56.5
86628,2016,January,22,0.05,70,55,62.5
86628,2016,January,23,0.02,56,41,48.5
86628,2016,January,24,0,55,34,44.5
86628,2016,January,25,0,70,36,53
86628,2016,January,26,0.00001,76,49,62.5
86628,2016,January,27,1.74,67,63,65
86628,2016,January,28,0.93,67,61,64
86628,2016,January,29,0.00001,66,50,58
86628,2016,January,30,0,72,45,58.5
86628,2016,January,31,0,72,53,62.5
86628,2016,February,1,0,82,61,71.5
86628,2016,February,2,0,84,63,73.5
86628,2016,February,3,0,84,68,76
86628,2016,February,4,0.11,81,55,68
86628,2016,February,5,0,61,45,53
86628,2016,February,6,0.55,68,47,57.5
86628,2016,February,7,0.01,59,45,52
86628,2016,February,8,0.00001,66,37,51.5
86628,2016,February,9,0,60,49,54.5
86628,2016,February,10,0,61,41,51
86628,2016,February,11,0,67,35,51
86628,2016,February,12,0,76,40,58
86628,2016,February,13,0,70,49,59.5
86628,2016,February,14,0,72,44,58
86628,2016,February,15,0.01,76,52,64
86628,2016,February,16,0.49,77,56,66.5
86628,2016,February,17,0,75,47,61
86628,2016,February,18,0,73,50,61.5
86628,2016,February,19,0,75,51,63
86628,2016,February,20,0,77,51,64
86628,2016,February,21,0,78,53,65.5
86628,2016,February,22,0.00001,81,54,67.5
86628,2016,February,23,0.06,81,60,70.5
86628,2016,February,24,0.46,82,58,70
86628,2016,February,25,0,66,49,57.5
86628,2016,February,26,0,65,46,55.5
86628,2016,February,27,0,68,43,55.5
86628,2016,February,28,0,73,43,58
86628,2016,February,29,0,77,52,64.5
86628,2016,March,1,0,81,56,68.5
86628,2016,March,2,0,82,58,70
86628,2016,March,3,0,80,55,67.5
86628,2016,March,4,0.07,78,54,66
86628,2016,March,5,0,75,52,63.5
86628,2016,March,6,0,76,52,64
86628,2016,March,7,0,78,51,64.5
86628,2016,March,8,0,80,56,68
86628,2016,March,9,0,83,60,71.5
86628,2016,March,10,0,86,64,75
86628,2016,March,11,0,85,62,73.5
86628,2016,March,12,0,84,61,72.5
86628,2016,March,13,0.00001,86,65,75.5
86628,2016,March,14,0.00001,87,69,78
86628,2016,March,15,0,90,69,79.5
86628,2016,March,16,0,88,66,77
86628,2016,March,17,0,87,64,75.5
86628,2016,March,18,0,86,62,74
86628,2016,March,19,0.11,77,66,71.5
86628,2016,March,20,0.06,82,65,73.5
86628,2016,March,21,0,66,47,56.5
86628,2016,March,22,0,75,43,59
86628,2016,March,23,0,80,51,65.5
86628,2016,March,24,3.3,84,55,69.5
86628,2016,March,25,0.81,81,62,71.5
86628,2016,March,26,0.47,87,66,76.5
86628,2016,March,27,0,87,72,79.5
86628,2016,March,28,0.18,80,72,76
86628,2016,March,29,0.3,80,66,73
86628,2016,March,30,0.01,81,64,72.5
86628,2016,March,31,0,88,67,77.5
86628,2016,April,1,0,89,68,78.5
86628,2016,April,2,0.41,78,69,73.5
86628,2016,April,3,0,77,58,67.5
86628,2016,April,4,0,82,57,69.5
86628,2016,April,5,0,85,59,72
86628,2016,April,6,0.02,78,61,69.5
86628,2016,April,7,0.06,83,61,72
86628,2016,April,8,0,86,58,72
86628,2016,April,9,0,77,56,66.5
86628,2016,April,10,0,80,55,67.5
86628,2016,April,11,0,82,59,70.5
86628,2016,April,12,0,83,57,70
86628,2016,April,13,0.12,85,63,74
86628,2016,April,14,0.01,86,66,76
86628,2016,April,15,0.00001,81,67,74
86628,2016,April,16,0.00001,80,65,72.5
86628,2016,April,17,0,80,61,70.5
86628,2016,April,18,0.00001,81,60,70.5
86628,2016,April,19,0,82,59,70.5
86628,2016,April,20,0,81,56,68.5
86628,2016,April,21,0,85,61,73
86628,2016,April,22,0.01,86,62,74
86628,2016,April,23,0.00001,85,67,76
86628,2016,April,24,0,88,63,75.5
86628,2016,April,25,0,84,66,75
86628,2016,April,26,0,88,62,75
86628,2016,April,27,0,88,64,76
86628,2016,April,28,0.64,89,65,77
86628,2016,April,29,0.00001,90,68,79
86628,2016,April,30,0,87,71,79
86628,2016,May,1,0,89,68,78.5
86628,2016,May,2,1.66,92,70,81
86628,2016,May,3,0.21,90,71,80.5
86628,2016,May,4,0.77,75,67,71
86628,2016,May,5,0,82,58,70
86628,2016,May,6,0,78,53,65.5
86628,2016,May,7,0,81,56,68.5
86628,2016,May,8,0,86,56,71
86628,2016,May,9,0,86,59,72.5
86628,2016,May,10,0,88,65,76.5
86628,2016,May,11,0,88,68,78
86628,2016,May,12,0,87,68,77.5
86628,2016,May,13,0,91,67,79
86628,2016,May,14,0,91,66,78.5
86628,2016,May,15,0,91,62,76.5
86628,2016,May,16,0.06,92,66,79
86628,2016,May,17,1.91,89,69,79
86628,2016,May,18,0,90,69,79.5
86628,2016,May,19,0.1,89,71,80
86628,2016,May,20,0.00001,88,70,79
86628,2016,May,21,0.02,91,72,81.5
86628,2016,May,22,0,90,71,80.5
86628,2016,May,23,0,89,68,78.5
86628,2016,May,24,0,88,70,79
86628,2016,May,25,0,89,68,78.5
86628,2016,May,26,0,87,64,75.5
86628,2016,May,27,0.00001,88,70,79
86628,2016,May,28,0,93,70,81.5
86628,2016,May,29,0.35,94,71,82.5
86628,2016,May,30,0.02,91,71,81
86628,2016,May,31,1.07,93,70,81.5
86628,2016,June,1,0.11,92,70,81
86628,2016,June,2,0,93,72,82.5
86628,2016,June,3,0,94,74,84
86628,2016,June,4,0,93,74,83.5
86628,2016,June,5,1.18,94,73,83.5
86628,2016,June,6,0.87,86,74,80
86628,2016,June,7,1.4,88,77,82.5
86628,2016,June,8,0.01,89,75,82
86628,2016,June,9,0.1,88,74,81
86628,2016,June,10,0,92,74,83
86628,2016,June,11,0.00001,89,75,82
86628,2016,June,12,0.01,91,73,82
86628,2016,June,13,0,96,75,85.5
86628,2016,June,14,0.82,95,75,85
86628,2016,June,15,0.00001,93,75,84
86628,2016,June,16,0.02,93,77,85
86628,2016,June,17,0.00001,90,77,83.5
86628,2016,June,18,0.98,95,72,83.5
86628,2016,June,19,0.05,88,73,80.5
86628,2016,June,20,0.01,87,71,79
86628,2016,June,21,0,87,68,77.5
86628,2016,June,22,0,93,71,82
86628,2016,June,23,0,94,74,84
86628,2016,June,24,0,96,74,85
86628,2016,June,25,0,96,77,86.5
86628,2016,June,26,0.58,93,73,83
86628,2016,June,27,0,95,72,83.5
86628,2016,June,28,0.36,92,74,83
86628,2016,June,29,0.85,92,71,81.5
86628,2016,June,30,0.36,93,74,83.5
86628,2016,July,1,0.38,93,75,84
86628,2016,July,2,0.45,91,74,82.5
86628,2016,July,3,0,93,75,84
86628,2016,July,4,0.00001,95,77,86
86628,2016,July,5,0.01,96,78,87
86628,2016,July,6,0.00001,96,79,87.5
86628,2016,July,7,0,96,79,87.5
86628,2016,July,8,0,98,78,88
86628,2016,July,9,0.00001,96,79,87.5
86628,2016,July,10,0.00001,95,76,85.5
86628,2016,July,11,0.05,96,77,86.5
86628,2016,July,12,0.00001,96,76,86
86628,2016,July,13,0.07,94,75,84.5
86628,2016,July,14,0.00001,96,73,84.5
86628,2016,July,15,0.04,95,76,85.5
86628,2016,July,16,0.07,96,76,86
86628,2016,July,17,0.04,93,77,85
86628,2016,July,18,0.72,94,73,83.5
86628,2016,July,19,0.09,92,77,84.5
86628,2016,July,20,0.01,94,75,84.5
86628,2016,July,21,0.61,93,76,84.5
86628,2016,July,22,0.00001,93,73,83
86628,2016,July,23,0.00001,93,73,83
86628,2016,July,24,0,95,74,84.5
86628,2016,July,25,0,94,73,83.5
86628,2016,July,26,0,95,75,85
86628,2016,July,27,0,96,76,86
86628,2016,July,28,0,96,76,86
86628,2016,July,29,1.45,97,76,86.5
86628,2016,July,30,0,95,75,85
86628,2016,July,31,0,92,75,83.5
86628,2016,August,1,0,95,74,84.5
86628,2016,August,2,0.02,95,77,86
86628,2016,August,3,0.01,92,75,83.5
86628,2016,August,4,1.35,91,74,82.5
86628,2016,August,5,0.01,94,74,84
86628,2016,August,6,0,90,75,82.5
86628,2016,August,7,0.29,91,75,83
86628,2016,August,8,0.77,86,75,80.5
86628,2016,August,9,0.07,89,74,81.5
86628,2016,August,10,0.42,92,74,83
86628,2016,August,11,0,93,75,84
86628,2016,August,12,0.33,93,75,84
86628,2016,August,13,1.01,94,70,82
86628,2016,August,14,0.12,90,77,83.5
86628,2016,August,15,0.00001,92,78,85
86628,2016,August,16,2.62,89,74,81.5
86628,2016,August,17,0,92,76,84
86628,2016,August,18,0.61,91,75,83
86628,2016,August,19,0,94,75,84.5
86628,2016,August,20,0,94,75,84.5
86628,2016,August,21,0,95,77,86
86628,2016,August,22,0,96,76,86
86628,2016,August,23,0.07,97,78,87.5
86628,2016,August,24,0.46,90,77,83.5
86628,2016,August,25,0,92,76,84
86628,2016,August,26,0.00001,91,78,84.5
86628,2016,August,27,0.03,92,77,84.5
86628,2016,August,28,0.37,92,79,85.5
86628,2016,August,29,0.47,88,75,81.5
86628,2016,August,30,0.01,90,74,82
86628,2016,August,31,0.86,86,74,80
86628,2016,September,1,0.17,87,74,80.5
86628,2016,September,2,0.35,86,75,80.5
86628,2016,September,3,0.39,88,75,81.5
86628,2016,September,4,2.32,92,73,82.5
86628,2016,September,5,0.03,87,72,79.5
86628,2016,September,6,0,89,71,80
86628,2016,September,7,0,90,73,81.5
86628,2016,September,8,0,90,72,81
86628,2016,September,9,0.00001,91,74,82.5
86628,2016,September,10,0.00001,92,76,84
86628,2016,September,11,0,92,76,84
86628,2016,September,12,0.02,91,77,84
86628,2016,September,13,1.26,88,76,82
86628,2016,September,14,0.03,89,75,82
86628,2016,September,15,0.01,91,75,83
86628,2016,September,16,0.03,92,74,83
86628,2016,September,17,0.12,92,76,84
86628,2016,September,18,0,93,76,84.5
86628,2016,September,19,0.85,94,74,84
86628,2016,September,20,0.24,90,72,81
86628,2016,September,21,0.00001,92,76,84
86628,2016,September,22,0.07,93,76,84.5
86628,2016,September,23,0.00001,92,74,83
86628,2016,September,24,0,94,75,84.5
86628,2016,September,25,0.04,93,75,84
86628,2016,September,26,0.19,87,72,79.5
86628,2016,September,27,0.16,90,70,80
86628,2016,September,28,0.03,90,71,80.5
86628,2016,September,29,0.01,89,71,80
86628,2016,September,30,0.94,91,72,81.5
86628,2016,October,1,0,89,71,80
86628,2016,October,2,0.00001,90,73,81.5
86628,2016,October,3,0.13,88,74,81
86628,2016,October,4,0.49,88,75,81.5
86628,2016,October,5,0.00001,92,74,83
86628,2016,October,6,1.25,86,73,79.5
86628,2016,October,7,0.74,78,76,77
86628,2016,October,8,0,89,73,81
86628,2016,October,9,0,86,68,77
86628,2016,October,10,0,82,65,73.5
86628,2016,October,11,0.03,83,68,75.5
86628,2016,October,12,0.05,83,71,77
86628,2016,October,13,0.00001,86,69,77.5
86628,2016,October,14,0.00001,85,71,78
86628,2016,October,15,0.05,88,73,80.5
86628,2016,October,16,0.03,85,72,78.5
86628,2016,October,17,0.00001,86,70,78
86628,2016,October,18,0,88,69,78.5
86628,2016,October,19,0,86,67,76.5
86628,2016,October,20,0,86,66,76
86628,2016,October,21,0.00001,87,68,77.5
86628,2016,October,22,0,76,57,66.5
86628,2016,October,23,0,79,54,66.5
86628,2016,October,24,0,80,58,69
86628,2016,October,25,0,82,59,70.5
86628,2016,October,26,0.00001,85,62,73.5
86628,2016,October,27,0.00001,84,66,75
86628,2016,October,28,0,84,67,75.5
86628,2016,October,29,0,84,69,76.5
86628,2016,October,30,0,87,66,76.5
86628,2016,October,31,0,85,62,73.5
86628,2016,November,1,0,86,62,74
86628,2016,November,2,0,85,67,76
86628,2016,November,3,0.00001,84,63,73.5
86628,2016,November,4,0.00001,85,61,73
86628,2016,November,5,0,82,63,72.5
86628,2016,November,6,0.02,81,62,71.5
86628,2016,November,7,0,81,63,72
86628,2016,November,8,0,83,59,71
86628,2016,November,9,0.00001,79,61,70
86628,2016,November,10,0,80,58,69
86628,2016,November,11,0,79,54,66.5
86628,2016,November,12,0,80,57,68.5
86628,2016,November,13,0,82,57,69.5
86628,2016,November,14,0.00001,72,64,68
86628,2016,November,15,0,73,57,65
86628,2016,November,16,0,78,52,65
86628,2016,November,17,0,79,50,64.5
86628,2016,November,18,0,80,57,68.5
86628,2016,November,19,0,80,56,68
86628,2016,November,20,0,68,50,59
86628,2016,November,21,0,69,38,53.5
86628,2016,November,22,0,77,41,59
86628,2016,November,23,0,81,54,67.5
86628,2016,November,24,0,83,59,71
86628,2016,November,25,0,85,60,72.5
86628,2016,November,26,0,78,59,68.5
86628,2016,November,27,0,78,56,67
86628,2016,November,28,0,80,57,68.5
86628,2016,November,29,0,84,64,74
86628,2016,November,30,0.04,86,65,75.5
86628,2016,December,1,0,86,65,75.5
86628,2016,December,2,0,76,56,66
86628,2016,December,3,0,78,54,66
86628,2016,December,4,0,83,58,70.5
86628,2016,December,5,0.00001,87,62,74.5
86628,2016,December,6,0.76,86,66,76
86628,2016,December,7,0,78,62,70
86628,2016,December,8,0,74,56,65
86628,2016,December,9,0.00001,63,50,56.5
86628,2016,December,10,0,74,51,62.5
86628,2016,December,11,0.02,76,54,65
86628,2016,December,12,0,82,64,73
86628,2016,December,13,0,84,62,73
86628,2016,December,14,0,84,62,73
86628,2016,December,15,0,76,55,65.5
86628,2016,December,16,0,79,53,66
86628,2016,December,17,0,85,59,72
86628,2016,December,18,0.19,88,67,77.5
86628,2016,December,19,1.13,86,69,77.5
86628,2016,December,20,0.36,71,62,66.5
86628,2016,December,21,0.00001,67,54,60.5
86628,2016,December,22,0,78,52,65
86628,2016,December,23,0,80,58,69
86628,2016,December,24,0,82,61,71.5
86628,2016,December,25,0,83,64,73.5
86628,2016,December,26,0.04,82,66,74
86628,2016,December,27,0,84,63,73.5
86628,2016,December,28,0,83,62,72.5
86628,2016,December,29,0.02,82,61,71.5
86628,2016,December,30,0,62,45,53.5
86628,2016,December,31,0,75,41,58
86628,2017,January,1,0,81,53,67
86628,2017,January,2,0,85,58,71.5
86628,2017,January,3,0.00001,86,67,76.5
86628,2017,January,4,0.2,78,59,68.5
86628,2017,January,5,0,75,57,66
86628,2017,January,6,0.34,79,49,64
86628,2017,January,7,0.53,73,43,58
86628,2017,January,8,0,55,36,45.5
86628,2017,January,9,0,68,41,54.5
86628,2017,January,10,0.00001,73,47,60
86628,2017,January,11,0,77,53,65
86628,2017,January,12,0,79,59,69
86628,2017,January,13,0.06,75,61,68
86628,2017,January,14,0.01,78,60,69
86628,2017,January,15,0,80,59,69.5
86628,2017,January,16,0,81,57,69
86628,2017,January,17,0,81,57,69
86628,2017,January,18,0,81,57,69
86628,2017,January,19,0,82,58,70
86628,2017,January,20,0,83,58,70.5
86628,2017,January,21,0,83,61,72
86628,2017,January,22,0.58,86,66,76
86628,2017,January,23,0.01,73,60,66.5
86628,2017,January,24,0,75,51,63
86628,2017,January,25,0,78,45,61.5
86628,2017,January,26,0,82,62,72
86628,2017,January,27,0,70,55,62.5
86628,2017,January,28,0.00001,59,47,53
86628,2017,January,29,0.25,55,46,50.5
86628,2017,January,30,0,62,42,52
86628,2017,January,31,0,71,38,54.5
86628,2017,February,1,0,75,43,59
86628,2017,February,2,0,78,51,64.5
86628,2017,February,3,0,80,55,67.5
86628,2017,February,4,0,78,57,67.5
86628,2017,February,5,0,78,56,67
86628,2017,February,6,0,80,50,65
86628,2017,February,7,0.00001,83,58,70.5
86628,2017,February,8,0.37,84,58,71
86628,2017,February,9,0.00001,83,59,71
86628,2017,February,10,0,73,49,61
86628,2017,February,11,0,80,49,64.5
86628,2017,February,12,0,82,53,67.5
86628,2017,February,13,0,78,61,69.5
86628,2017,February,14,0,83,59,71
86628,2017,February,15,0.00001,84,59,71.5
86628,2017,February,16,0,72,53,62.5
86628,2017,February,17,0,76,46,61
86628,2017,February,18,0.01,81,53,67
86628,2017,February,19,0.09,82,62,72
86628,2017,February,20,0,84,55,69.5
86628,2017,February,21,0,80,59,69.5
86628,2017,February,22,0.28,72,64,68
86628,2017,February,23,0.2,79,62,70.5
86628,2017,February,24,0,84,65,74.5
86628,2017,February,25,0,82,59,70.5
86628,2017,February,26,0,78,55,66.5
86628,2017,February,27,0,87,55,71
86628,2017,February,28,0,86,63,74.5
86628,2017,March,1,0,87,62,74.5
86628,2017,March,2,0.00001,86,63,74.5
86628,2017,March,3,0,75,57,66
86628,2017,March,4,0.00001,76,51,63.5
86628,2017,March,5,0,76,61,68.5
86628,2017,March,6,0,78,60,69
86628,2017,March,7,0,80,59,69.5
86628,2017,March,8,0.00001,84,58,71
86628,2017,March,9,0,86,58,72
86628,2017,March,10,0,86,60,73
86628,2017,March,11,0,86,59,72.5
86628,2017,March,12,0.00001,78,61,69.5
86628,2017,March,13,0.06,80,63,71.5
86628,2017,March,14,0.03,69,54,61.5
86628,2017,March,15,0,61,46,53.5
86628,2017,March,16,0,65,38,51.5
86628,2017,March,17,0,74,42,58
86628,2017,March,18,0,79,48,63.5
86628,2017,March,19,0,82,53,67.5
86628,2017,March,20,0,79,49,64
86628,2017,March,21,0,83,49,66
86628,2017,March,22,0,87,55,71
86628,2017,March,23,0.00001,81,65,73
86628,2017,March,24,0,82,62,72
86628,2017,March,25,0,83,58,70.5
86628,2017,March,26,0,84,58,71
86628,2017,March,27,0,85,59,72
86628,2017,March,28,0,88,60,74
86628,2017,March,29,0,91,61,76
86628,2017,March,30,0,90,63,76.5
86628,2017,March,31,0.01,89,65,77
86628,2017,April,1,0,90,59,74.5
86628,2017,April,2,0,90,64,77
86628,2017,April,3,0,93,71,82
86628,2017,April,4,0.00001,88,68,78
86628,2017,April,5,0,96,64,80
86628,2017,April,6,0.00001,84,61,72.5
86628,2017,April,7,0,75,54,64.5
86628,2017,April,8,0,78,46,62
86628,2017,April,9,0,84,51,67.5
86628,2017,April,10,0,83,59,71
86628,2017,April,11,0,85,58,71.5
86628,2017,April,12,0,85,61,73
86628,2017,April,13,0,84,62,73
86628,2017,April,14,0,85,62,73.5
86628,2017,April,15,0,84,64,74
86628,2017,April,16,0,86,61,73.5
86628,2017,April,17,0,87,61,74
86628,2017,April,18,0,90,60,75
86628,2017,April,19,0.00001,88,64,76
86628,2017,April,20,0,88,63,75.5
86628,2017,April,21,0,89,58,73.5
86628,2017,April,22,0,90,64,77
86628,2017,April,23,0,87,69,78
86628,2017,April,24,0.00001,86,64,75
86628,2017,April,25,0,84,54,69
86628,2017,April,26,0,86,53,69.5
86628,2017,April,27,0,94,65,79.5
86628,2017,April,28,0,94,67,80.5
86628,2017,April,29,0,91,71,81
86628,2017,April,30,0,89,71,80
86628,2017,May,1,0.02,91,69,80
86628,2017,May,2,0.07,83,68,75.5
86628,2017,May,3,0,88,65,76.5
86628,2017,May,4,0.00001,92,65,78.5
86628,2017,May,5,0.06,79,64,71.5
86628,2017,May,6,0.00001,79,56,67.5
86628,2017,May,7,0,85,48,66.5
86628,2017,May,8,0,89,57,73
86628,2017,May,9,0,90,62,76
86628,2017,May,10,0,94,60,77
86628,2017,May,11,0,93,62,77.5
86628,2017,May,12,0,93,64,78.5
86628,2017,May,13,0.16,83,64,73.5
86628,2017,May,14,0.00001,89,60,74.5
86628,2017,May,15,0,91,65,78
86628,2017,May,16,0,90,67,78.5
86628,2017,May,17,0.00001,89,68,78.5
86628,2017,May,18,0,89,70,79.5
86628,2017,May,19,0.01,90,72,81
86628,2017,May,20,0,93,71,82
86628,2017,May,21,0,89,69,79
86628,2017,May,22,1.26,92,69,80.5
86628,2017,May,23,0.01,91,70,80.5
86628,2017,May,24,0.49,89,69,79
86628,2017,May,25,0.00001,86,66,76
86628,2017,May,26,0,88,57,72.5
86628,2017,May,27,0,93,57,75
86628,2017,May,28,0,93,60,76.5
86628,2017,May,29,0,93,72,82.5
86628,2017,May,30,0.08,93,71,82
86628,2017,May,31,1.2,92,70,81
86628,2017,June,1,0.24,92,71,81.5
86628,2017,June,2,0.21,87,71,79
86628,2017,June,3,0.01,88,70,79
86628,2017,June,4,0.05,84,72,78
86628,2017,June,5,0.02,84,73,78.5
86628,2017,June,6,0.88,86,72,79
86628,2017,June,7,0.55,82,70,76
86628,2017,June,8,1.04,82,70,76
86628,2017,June,9,0,90,68,79
86628,2017,June,10,0.1,88,72,80
86628,2017,June,11,0.61,90,72,81
86628,2017,June,12,0.02,85,73,79
86628,2017,June,13,0.2,85,72,78.5
86628,2017,June,14,0.18,85,70,77.5
86628,2017,June,15,0.1,87,69,78
86628,2017,June,16,0.4,85,69,77
86628,2017,June,17,0.02,90,69,79.5
86628,2017,June,18,0.03,90,72,81
86628,2017,June,19,0.1,87,72,79.5
86628,2017,June,20,0.01,90,73,81.5
86628,2017,June,21,0.38,91,75,83
86628,2017,June,22,0,90,73,81.5
86628,2017,June,23,0,91,71,81
86628,2017,June,24,0.00001,92,73,82.5
86628,2017,June,25,0.00001,92,75,83.5
86628,2017,June,26,0.08,89,74,81.5
86628,2017,June,27,0.21,89,70,79.5
86628,2017,June,28,0.00001,87,68,77.5
86628,2017,June,29,0,89,72,80.5
86628,2017,June,30,0.00001,92,73,82.5
86628,2017,July,1,0.28,89,71,80
86628,2017,July,2,0.01,92,71,81.5
86628,2017,July,3,0.00001,94,74,84
86628,2017,July,4,0.79,93,72,82.5
86628,2017,July,5,0,94,74,84
86628,2017,July,6,0,95,74,84.5
86628,2017,July,7,0.00001,94,74,84
86628,2017,July,8,0.94,92,73,82.5
86628,2017,July,9,0,92,72,82
86628,2017,July,10,0.3,93,74,83.5
86628,2017,July,11,0,93,74,83.5
86628,2017,July,12,0.62,91,71,81
86628,2017,July,13,0.00001,92,74,83
86628,2017,July,14,0.07,90,76,83
86628,2017,July,15,0,93,74,83.5
86628,2017,July,16,0,94,73,83.5
86628,2017,July,17,3.09,94,70,82
86628,2017,July,18,0.73,93,72,82.5
86628,2017,July,19,0.06,91,73,82
86628,2017,July,20,1.64,91,71,81
86628,2017,July,21,0.07,89,72,80.5
86628,2017,July,22,0.37,90,72,81
86628,2017,July,23,0.00001,86,73,79.5
86628,2017,July,24,0.00001,89,75,82
86628,2017,July,25,0,94,74,84
86628,2017,July,26,0.00001,93,77,85
86628,2017,July,27,0.08,94,75,84.5
86628,2017,July,28,0.39,94,76,85
86628,2017,July,29,0.01,89,75,82
86628,2017,July,30,0.6,82,75,78.5
86628,2017,July,31,0.55,78,73,75.5
86628,2017,August,1,0.81,92,74,83
86628,2017,August,2,0.08,86,73,79.5
86628,2017,August,3,0.53,93,74,83.5
86628,2017,August,4,0,92,73,82.5
86628,2017,August,5,1.07,94,74,84
86628,2017,August,6,0,93,75,84
86628,2017,August,7,0.01,93,77,85
86628,2017,August,8,0.04,94,76,85
86628,2017,August,9,0,93,78,85.5
86628,2017,August,10,0,93,77,85
86628,2017,August,11,0.00001,90,77,83.5
86628,2017,August,12,0.8,92,74,83
86628,2017,August,13,0.23,89,74,81.5
86628,2017,August,14,0.00001,93,74,83.5
86628,2017,August,15,0.00001,93,75,84
86628,2017,August,16,0.00001,93,74,83.5
86628,2017,August,17,1.23,93,73,83
86628,2017,August,18,0.00001,92,73,82.5
86628,2017,August,19,0,93,72,82.5
86628,2017,August,20,0.01,88,76,82
86628,2017,August,21,0.00001,90,77,83.5
86628,2017,August,22,0,94,75,84.5
86628,2017,August,23,0.00001,93,77,85
86628,2017,August,24,0.00001,91,76,83.5
86628,2017,August,25,0.00001,89,76,82.5
86628,2017,August,26,0.32,89,75,82
86628,2017,August,27,0.27,87,75,81
86628,2017,August,28,0.44,87,75,81
86628,2017,August,29,0.00001,90,73,81.5
86628,2017,August,30,0,93,72,82.5
86628,2017,August,31,0.15,94,73,83.5
86628,2017,September,1,0.41,94,73,83.5
86628,2017,September,2,0.03,89,72,80.5
86628,2017,September,3,0.58,86,74,80
86628,2017,September,4,0.00001,91,74,82.5
86628,2017,September,5,0.61,90,74,82
86628,2017,September,6,1.3,85,74,79.5
86628,2017,September,7,0,92,74,83
86628,2017,September,8,0.53,89,76,82.5
86628,2017,September,9,0.00001,84,76,80
86628,2017,September,10,6.61,79,72,75.5
86628,2017,September,11,0.61,84,72,78
86628,2017,September,12,0,88,71,79.5
86628,2017,September,13,0,89,70,79.5
86628,2017,September,14,2.54,92,71,81.5
86628,2017,September,15,0.01,91,73,82
86628,2017,September,16,0,90,75,82.5
86628,2017,September,17,0,89,74,81.5
86628,2017,September,18,0.02,86,73,79.5
86628,2017,September,19,0.06,86,74,80
86628,2017,September,20,0,90,71,80.5
86628,2017,September,21,0,88,72,80
86628,2017,September,22,0.22,89,72,80.5
86628,2017,September,23,0.12,88,74,81
86628,2017,September,24,0,89,74,81.5
86628,2017,September,25,0,91,74,82.5
86628,2017,September,26,0,91,74,82.5
86628,2017,September,27,0,92,75,83.5
86628,2017,September,28,0,91,73,82
86628,2017,September,29,0.01,89,74,81.5
86628,2017,September,30,0.43,88,73,80.5
86628,2017,October,1,0.45,85,73,79
86628,2017,October,2,0.05,84,74,79
86628,2017,October,3,0.00001,82,75,78.5
86628,2017,October,4,0.07,82,71,76.5
86628,2017,October,5,0.93,77,71,74
86628,2017,October,6,0.09,89,72,80.5
86628,2017,October,7,0.18,92,77,84.5
86628,2017,October,8,0.66,92,75,83.5
86628,2017,October,9,0.00001,90,76,83
86628,2017,October,10,0,90,75,82.5
86628,2017,October,11,0,88,73,80.5
86628,2017,October,12,0,86,70,78
86628,2017,October,13,0.01,87,74,80.5
86628,2017,October,14,0.07,87,74,80.5
86628,2017,October,15,0.00001,89,72,80.5
86628,2017,October,16,0.31,90,72,81
86628,2017,October,17,0.18,83,70,76.5
86628,2017,October,18,0.28,81,70,75.5
86628,2017,October,19,0.02,86,70,78
86628,2017,October,20,0.00001,84,71,77.5
86628,2017,October,21,0.00001,85,71,78
86628,2017,October,22,0.00001,88,73,80.5
86628,2017,October,23,0.14,85,72,78.5
86628,2017,October,24,0.00001,81,66,73.5
86628,2017,October,25,0,70,56,63
86628,2017,October,26,0,73,53,63
86628,2017,October,27,0,78,55,66.5
86628,2017,October,28,0.15,79,60,69.5
86628,2017,October,29,0.00001,69,52,60.5
86628,2017,October,30,0,67,48,57.5
86628,2017,October,31,0,76,47,61.5
86628,2017,November,1,0,80,58,69
86628,2017,November,2,0,82,61,71.5
86628,2017,November,3,0.00001,80,65,72.5
86628,2017,November,4,0,83,63,73
86628,2017,November,5,0,84,65,74.5
86628,2017,November,6,0,85,69,77
86628,2017,November,7,0,84,65,74.5
86628,2017,November,8,0,84,63,73.5
86628,2017,November,9,0,83,63,73
86628,2017,November,10,0,72,63,67.5
86628,2017,November,11,0.05,80,61,70.5
86628,2017,November,12,0.01,79,69,74
86628,2017,November,13,0,82,66,74
86628,2017,November,14,0,79,61,70
86628,2017,November,15,0,78,59,68.5
86628,2017,November,16,0,75,57,66
86628,2017,November,17,0,78,55,66.5
86628,2017,November,18,0,79,56,67.5
86628,2017,November,19,0.00001,81,55,68
86628,2017,November,20,0,78,49,63.5
86628,2017,November,21,0.04,75,63,69
86628,2017,November,22,0.00001,81,62,71.5
86628,2017,November,23,0.07,77,67,72
86628,2017,November,24,0.00001,68,56,62
86628,2017,November,25,0,73,52,62.5
86628,2017,November,26,0,76,53,64.5
86628,2017,November,27,0,78,51,64.5
86628,2017,November,28,0,82,60,71
86628,2017,November,29,0,82,66,74
86628,2017,November,30,0,82,62,72
86628,2017,December,1,0,82,59,70.5
86628,2017,December,2,0,83,60,71.5
86628,2017,December,3,0,80,58,69
86628,2017,December,4,0,78,61,69.5
86628,2017,December,5,0,83,60,71.5
86628,2017,December,6,0,82,59,70.5
86628,2017,December,7,0.00001,72,61,66.5
86628,2017,December,8,0.00001,84,61,72.5
86628,2017,December,9,0.35,74,44,59
86628,2017,December,10,0,57,40,48.5
86628,2017,December,11,0,62,35,48.5
86628,2017,December,12,0,73,38,55.5
86628,2017,December,13,0,63,40,51.5
86628,2017,December,14,0,74,37,55.5
86628,2017,December,15,0,77,55,66
86628,2017,December,16,0,74,52,63
86628,2017,December,17,0,80,53,66.5
86628,2017,December,18,0,83,58,70.5
86628,2017,December,19,0,84,62,73
86628,2017,December,20,0,81,60,70.5
86628,2017,December,21,0,84,62,73
86628,2017,December,22,0,79,60,69.5
86628,2017,December,23,0,81,57,69
86628,2017,December,24,0,81,57,69
86628,2017,December,25,0,72,52,62
86628,2017,December,26,0,77,51,64
86628,2017,December,27,0,79,54,66.5
86628,2017,December,28,0,73,58,65.5
86628,2017,December,29,0.00001,58,51,54.5
86628,2017,December,30,0,64,49,56.5
86628,2017,December,31,0,69,44,56.5
86628,2018,January,1,0.07,59,44,51.5
86628,2018,January,2,0.00001,55,44,49.5
86628,2018,January,3,1.15,52,36,44
86628,2018,January,4,0,53,31,42
86628,2018,January,5,0,55,31,43
86628,2018,January,6,0,58,37,47.5
86628,2018,January,7,0,66,41,53.5
86628,2018,January,8,0,72,49,60.5
86628,2018,January,9,0.00001,77,56,66.5
86628,2018,January,10,0.02,75,64,69.5
86628,2018,January,11,0.00001,82,62,72
86628,2018,January,12,0.05,81,62,71.5
86628,2018,January,13,0.00001,63,46,54.5
86628,2018,January,14,0,61,39,50
86628,2018,January,15,0,66,45,55.5
86628,2018,January,16,0,73,45,59
86628,2018,January,17,0,71,39,55
86628,2018,January,18,0,53,27,40
86628,2018,January,19,0,66,35,50.5
86628,2018,January,20,0,71,45,58
86628,2018,January,21,0,78,55,66.5
86628,2018,January,22,0.00001,81,56,68.5
86628,2018,January,23,0.04,83,59,71
86628,2018,January,24,0,71,49,60
86628,2018,January,25,0,70,50,60
86628,2018,January,26,0.00001,75,49,62
86628,2018,January,27,0.00001,77,60,68.5
86628,2018,January,28,0.34,80,62,71
86628,2018,January,29,0.43,74,57,65.5
86628,2018,January,30,0,64,45,54.5
86628,2018,January,31,0,70,44,57
86628,2018,February,1,0,75,49,62
86628,2018,February,2,0,76,56,66
86628,2018,February,3,0,69,55,62
86628,2018,February,4,0.35,77,59,68
86628,2018,February,5,0,76,53,64.5
86628,2018,February,6,0,83,52,67.5
86628,2018,February,7,0.00001,82,62,72
86628,2018,February,8,0,82,62,72
86628,2018,February,9,0,83,60,71.5
86628,2018,February,10,0,86,62,74
86628,2018,February,11,0,87,66,76.5
86628,2018,February,12,0,86,69,77.5
86628,2018,February,13,0.01,84,65,74.5
86628,2018,February,14,0,78,61,69.5
86628,2018,February,15,0,83,61,72
86628,2018,February,16,0,85,58,71.5
86628,2018,February,17,0,84,57,70.5
86628,2018,February,18,0,86,54,70
86628,2018,February,19,0,84,63,73.5
86628,2018,February,20,0,87,67,77
86628,2018,February,21,0,85,67,76
86628,2018,February,22,0,85,66,75.5
86628,2018,February,23,0.00001,85,65,75
86628,2018,February,24,0,85,63,74
86628,2018,February,25,0,87,63,75
86628,2018,February,26,0.00001,88,69,78.5
86628,2018,February,27,0,84,62,73
86628,2018,February,28,0,85,58,71.5
86628,2018,March,1,0,87,63,75
86628,2018,March,2,0.04,84,60,72
86628,2018,March,3,0,74,50,62
86628,2018,March,4,0,72,46,59
86628,2018,March,5,0,77,48,62.5
86628,2018,March,6,0.01,81,49,65
86628,2018,March,7,0.05,74,57,65.5
86628,2018,March,8,0,65,48,56.5
86628,2018,March,9,0,70,42,56
86628,2018,March,10,0.00001,73,42,57.5
86628,2018,March,11,0,84,59,71.5
86628,2018,March,12,0.03,74,52,63
86628,2018,March,13,0,67,45,56
86628,2018,March,14,0,69,45,57
86628,2018,March,15,0,71,44,57.5
86628,2018,March,16,0,78,37,57.5
86628,2018,March,17,0,83,52,67.5
86628,2018,March,18,0,85,52,68.5
86628,2018,March,19,0.29,86,63,74.5
86628,2018,March,20,0.37,83,62,72.5
86628,2018,March,21,0,70,56,63
86628,2018,March,22,0,69,49,59
86628,2018,March,23,0,73,46,59.5
86628,2018,March,24,0,79,47,63
86628,2018,March,25,0,85,54,69.5
86628,2018,March,26,0.00001,79,65,72
86628,2018,March,27,0,78,61,69.5
86628,2018,March,28,0,82,58,70
86628,2018,March,29,0,84,61,72.5
86628,2018,March,30,0.00001,86,62,74
86628,2018,March,31,0.04,74,64,69
86628,2018,April,1,0,86,63,74.5
86628,2018,April,2,0.00001,87,67,77
86628,2018,April,3,0,88,66,77
86628,2018,April,4,0,88,64,76
86628,2018,April,5,0,81,62,71.5
86628,2018,April,6,0,85,60,72.5
86628,2018,April,7,0.11,89,66,77.5
86628,2018,April,8,0.02,78,66,72
86628,2018,April,9,0.06,89,66,77.5
86628,2018,April,10,1.37,75,63,69
86628,2018,April,11,0.37,77,57,67
86628,2018,April,12,0,82,56,69
86628,2018,April,13,0,83,62,72.5
86628,2018,April,14,0,90,64,77
86628,2018,April,15,0.13,90,62,76
86628,2018,April,16,0,72,57,64.5
86628,2018,April,17,0,81,50,65.5
86628,2018,April,18,0,88,50,69
86628,2018,April,19,0,88,56,72
86628,2018,April,20,0,87,61,74
86628,2018,April,21,0.00001,83,66,74.5
86628,2018,April,22,0.04,82,69,75.5
86628,2018,April,23,0.04,87,69,78
86628,2018,April,24,0,87,65,76
86628,2018,April,25,0,84,59,71.5
86628,2018,April,26,0,84,58,71
86628,2018,April,27,0,87,61,74
86628,2018,April,28,0,84,63,73.5
86628,2018,April,29,0,88,59,73.5
86628,2018,April,30,0,84,62,73
86628,2018,May,1,0,85,62,73.5
86628,2018,May,2,0,84,61,72.5
86628,2018,May,3,0,86,67,76.5
86628,2018,May,4,0,87,64,75.5
86628,2018,May,5,0.18,86,64,75
86628,2018,May,6,0.41,82,71,76.5
86628,2018,May,7,0,91,69,80
86628,2018,May,8,0,88,63,75.5
86628,2018,May,9,0,89,64,76.5
86628,2018,May,10,0,88,65,76.5
86628,2018,May,11,0,93,64,78.5
86628,2018,May,12,0.09,77,71,74
86628,2018,May,13,0.14,85,70,77.5
86628,2018,May,14,0.75,76,70,73
86628,2018,May,15,0.75,89,69,79
86628,2018,May,16,0.69,88,68,78
86628,2018,May,17,0.77,86,69,77.5
86628,2018,May,18,0.08,86,69,77.5
86628,2018,May,19,1.34,83,69,76
86628,2018,May,20,0.28,78,69,73.5
86628,2018,May,21,0.01,80,72,76
86628,2018,May,22,0.00001,82,71,76.5
86628,2018,May,23,0,89,68,78.5
86628,2018,May,24,0,91,71,81
86628,2018,May,25,0.00001,88,71,79.5
86628,2018,May,26,0.04,85,70,77.5
86628,2018,May,27,0.29,84,71,77.5
86628,2018,May,28,0.24,87,73,80
86628,2018,May,29,0.02,89,72,80.5
86628,2018,May,30,0.75,81,72,76.5
86628,2018,May,31,0.66,86,72,79
86628,2018,June,1,0.38,91,70,80.5
86628,2018,June,2,0.27,91,73,82
86628,2018,June,3,0.00001,89,75,82
86628,2018,June,4,0,94,77,85.5
86628,2018,June,5,0.00001,92,74,83
86628,2018,June,6,0.03,87,73,80
86628,2018,June,7,2.35,91,70,80.5
86628,2018,June,8,0.48,89,70,79.5
86628,2018,June,9,0,89,69,79
86628,2018,June,10,0.00001,90,71,80.5
86628,2018,June,11,0.05,90,71,80.5
86628,2018,June,12,0.31,90,70,80
86628,2018,June,13,0.03,92,72,82
86628,2018,June,14,1.25,92,72,82
86628,2018,June,15,0.00001,91,72,81.5
86628,2018,June,16,0.00001,91,71,81
86628,2018,June,17,0,93,72,82.5
86628,2018,June,18,0,92,74,83
86628,2018,June,19,0,92,72,82
86628,2018,June,20,0.27,94,72,83
86628,2018,June,21,0.96,88,76,82
86628,2018,June,22,0.49,93,74,83.5
86628,2018,June,23,0.02,93,75,84
86628,2018,June,24,0.84,93,74,83.5
86628,2018,June,25,0.04,92,73,82.5
86628,2018,June,26,1.02,92,74,83
86628,2018,June,27,0.00001,92,73,82.5
86628,2018,June,28,0,92,74,83
86628,2018,June,29,0.25,89,74,81.5
86628,2018,June,30,0.47,86,72,79
86628,2018,July,1,0.13,92,72,82
86628,2018,July,2,0,93,74,83.5
86628,2018,July,3,0.00001,92,75,83.5
86628,2018,July,4,0.16,85,70,77.5
86628,2018,July,5,0.52,89,71,80
86628,2018,July,6,0.51,88,71,79.5
86628,2018,July,7,0.02,90,71,80.5
86628,2018,July,8,0.03,91,72,81.5
86628,2018,July,9,0.00001,90,75,82.5
86628,2018,July,10,0.00001,93,73,83
86628,2018,July,11,0,93,76,84.5
86628,2018,July,12,0,95,73,84
86628,2018,July,13,0.00001,94,76,85
86628,2018,July,14,0,94,73,83.5
86628,2018,July,15,0.54,91,75,83
86628,2018,July,16,0.00001,94,75,84.5
86628,2018,July,17,0.17,94,75,84.5
86628,2018,July,18,0.49,90,75,82.5
86628,2018,July,19,0.66,89,74,81.5
86628,2018,July,20,0.43,87,75,81
86628,2018,July,21,0.26,90,76,83
86628,2018,July,22,2.43,94,70,82
86628,2018,July,23,0.06,91,70,80.5
86628,2018,July,24,0.07,89,73,81
86628,2018,July,25,0.1,90,75,82.5
86628,2018,July,26,0.17,90,75,82.5
86628,2018,July,27,1.21,91,75,83
86628,2018,July,28,1.23,91,74,82.5
86628,2018,July,29,0.04,91,75,83
86628,2018,July,30,0.00001,89,74,81.5
86628,2018,July,31,0.01,90,74,82
86628,2018,August,1,0.73,92,71,81.5
86628,2018,August,2,0.03,92,75,83.5
86628,2018,August,3,0.26,92,75,83.5
86628,2018,August,4,0,91,75,83
86628,2018,August,5,0.04,92,77,84.5
86628,2018,August,6,0.00001,91,76,83.5
86628,2018,August,7,0.00001,94,75,84.5
86628,2018,August,8,0.82,93,74,83.5
86628,2018,August,9,1.58,94,70,82
86628,2018,August,10,0.07,88,74,81
86628,2018,August,11,0.00001,88,75,81.5
86628,2018,August,12,0.39,89,74,81.5
86628,2018,August,13,0.00001,91,74,82.5
86628,2018,August,14,0.02,91,73,82
86628,2018,August,15,0.00001,91,73,82
86628,2018,August,16,0.38,94,76,85
86628,2018,August,17,0.00001,93,76,84.5
86628,2018,August,18,0,93,75,84
86628,2018,August,19,0.64,94,74,84
86628,2018,August,20,0.00001,93,73,83
86628,2018,August,21,0.23,92,75,83.5
86628,2018,August,22,0.53,90,74,82
86628,2018,August,23,0.03,91,74,82.5
86628,2018,August,24,0.00001,91,74,82.5
86628,2018,August,25,0.01,92,75,83.5
86628,2018,August,26,0,92,75,83.5
86628,2018,August,27,0.33,91,75,83
86628,2018,August,28,0.35,91,73,82
86628,2018,August,29,0.28,87,74,80.5
86628,2018,August,30,0,87,74,80.5
86628,2018,August,31,0,91,77,84
86628,2018,September,1,0.02,91,76,83.5
86628,2018,September,2,0.56,90,75,82.5
86628,2018,September,3,0.12,88,75,81.5
86628,2018,September,4,0.00001,90,75,82.5
86628,2018,September,5,0.01,91,77,84
86628,2018,September,6,0.00001,90,76,83
86628,2018,September,7,0.02,86,75,80.5
86628,2018,September,8,0.35,90,73,81.5
86628,2018,September,9,0.38,89,73,81
86628,2018,September,10,0.01,91,74,82.5
86628,2018,September,11,0,90,75,82.5
86628,2018,September,12,0.00001,92,77,84.5
86628,2018,September,13,0.00001,92,77,84.5
86628,2018,September,14,0,94,75,84.5
86628,2018,September,15,0,94,78,86
86628,2018,September,16,0.05,94,77,85.5
86628,2018,September,17,0,93,75,84
86628,2018,September,18,0,93,76,84.5
86628,2018,September,19,0,94,75,84.5
86628,2018,September,20,0.03,94,74,84
86628,2018,September,21,0.17,91,76,83.5
86628,2018,September,22,0,89,75,82
86628,2018,September,23,0.01,88,75,81.5
86628,2018,September,24,0.03,92,74,83
86628,2018,September,25,0,93,74,83.5
86628,2018,September,26,0,93,74,83.5
86628,2018,September,27,0.15,95,75,85
86628,2018,September,28,0,93,77,85
86628,2018,September,29,0,93,75,84
86628,2018,September,30,0,92,75,83.5
86628,2018,October,1,0.01,88,75,81.5
86628,2018,October,2,0.00001,88,75,81.5
86628,2018,October,3,0,90,71,80.5
86628,2018,October,4,0,88,72,80
86628,2018,October,5,0,91,72,81.5
86628,2018,October,6,0,91,72,81.5
86628,2018,October,7,0.56,89,74,81.5
86628,2018,October,8,0.4,87,74,80.5
86628,2018,October,9,0.16,90,74,82
86628,2018,October,10,0.00001,90,77,83.5
86628,2018,October,11,0.42,89,76,82.5
86628,2018,October,12,0,89,73,81
86628,2018,October,13,0,88,69,78.5
86628,2018,October,14,0,90,69,79.5
86628,2018,October,15,0,91,74,82.5
86628,2018,October,16,0,92,73,82.5
86628,2018,October,17,0,92,73,82.5
86628,2018,October,18,0,91,71,81
86628,2018,October,19,0.67,88,73,80.5
86628,2018,October,20,0,89,71,80
86628,2018,October,21,0,80,65,72.5
86628,2018,October,22,0,84,64,74
86628,2018,October,23,0.00001,83,66,74.5
86628,2018,October,24,0.00001,84,69,76.5
86628,2018,October,25,0.00001,83,68,75.5
86628,2018,October,26,0.02,86,68,77
86628,2018,October,27,0,74,62,68
86628,2018,October,28,0,76,55,65.5
86628,2018,October,29,0,84,51,67.5
86628,2018,October,30,0,84,61,72.5
86628,2018,October,31,0,84,62,73
86628,2018,November,1,0,85,61,73
86628,2018,November,2,0.04,86,67,76.5
86628,2018,November,3,0,74,56,65
86628,2018,November,4,1.71,83,63,73
86628,2018,November,5,0,82,68,75
86628,2018,November,6,0,86,69,77.5
86628,2018,November,7,0,87,67,77
86628,2018,November,8,0.04,88,71,79.5
86628,2018,November,9,0,87,70,78.5
86628,2018,November,10,0,83,66,74.5
86628,2018,November,11,0,85,63,74
86628,2018,November,12,0.07,84,69,76.5
86628,2018,November,13,0.01,86,67,76.5
86628,2018,November,14,0.00001,88,71,79.5
86628,2018,November,15,0.16,75,56,65.5
86628,2018,November,16,0,65,47,56
86628,2018,November,17,0,76,48,62
86628,2018,November,18,0,82,58,70
86628,2018,November,19,0,81,64,72.5
86628,2018,November,20,0.04,78,62,70
86628,2018,November,21,0,76,58,67
86628,2018,November,22,0,74,53,63.5
86628,2018,November,23,0.00001,81,62,71.5
86628,2018,November,24,0,85,63,74
86628,2018,November,25,0,79,63,71
86628,2018,November,26,0.14,85,61,73
86628,2018,November,27,0,64,48,56
86628,2018,November,28,0,57,39,48
86628,2018,November,29,0,64,44,54
86628,2018,November,30,0,79,47,63
86628,2018,December,1,0.00001,82,64,73
86628,2018,December,2,0,87,69,78
86628,2018,December,3,0.42,87,67,77
86628,2018,December,4,0.69,73,59,66
86628,2018,December,5,0,62,44,53
86628,2018,December,6,0,70,43,56.5
86628,2018,December,7,0,76,51,63.5
86628,2018,December,8,0,80,58,69
86628,2018,December,9,1.19,73,62,67.5
86628,2018,December,10,0.00001,62,43,52.5
86628,2018,December,11,0,57,41,49
86628,2018,December,12,0,68,39,53.5
86628,2018,December,13,0,75,55,65
86628,2018,December,14,0.01,77,66,71.5
86628,2018,December,15,0.75,73,59,66
86628,2018,December,16,0,67,54,60.5
86628,2018,December,17,0,65,49,57
86628,2018,December,18,0,71,48,59.5
86628,2018,December,19,0.08,76,49,62.5
86628,2018,December,20,3.65,70,62,66
86628,2018,December,21,0.01,65,53,59
86628,2018,December,22,0,62,46,54
86628,2018,December,23,0,68,42,55
86628,2018,December,24,0,70,45,57.5
86628,2018,December,25,0,74,51,62.5
86628,2018,December,26,0,77,56,66.5
86628,2018,December,27,0.00001,80,61,70.5
86628,2018,December,28,0,82,70,76
86628,2018,December,29,0,81,68,74.5
86628,2018,December,30,0,82,69,75.5
86628,2018,December,31,0,84,66,75
86628,2019,January,1,0,83,62,72.5
86628,2019,January,2,0,83,63,73
86628,2019,January,3,0,83,63,73
86628,2019,January,4,0.13,83,63,73
86628,2019,January,5,0,70,53,61.5
86628,2019,January,6,0,71,47,59
86628,2019,January,7,0,79,53,66
86628,2019,January,8,0,79,55,67
86628,2019,January,9,0,73,53,63
86628,2019,January,10,0,61,44,52.5
86628,2019,January,11,0,74,48,61
86628,2019,January,12,0,78,54,66
86628,2019,January,13,0,81,56,68.5
86628,2019,January,14,0,67,50,58.5
86628,2019,January,15,0,61,47,54
86628,2019,January,16,0,60,44,52
86628,2019,January,17,0,74,44,59
86628,2019,January,18,0,76,48,62
86628,2019,January,19,0,80,50,65
86628,2019,January,20,0.45,67,45,56
86628,2019,January,21,0,62,38,50
86628,2019,January,22,0,73,44,58.5
86628,2019,January,23,0.00001,79,58,68.5
86628,2019,January,24,0.76,76,55,65.5
86628,2019,January,25,0,63,44,53.5
86628,2019,January,26,0,64,48,56
86628,2019,January,27,2.01,56,48,52
86628,2019,January,28,0.15,58,45,51.5
86628,2019,January,29,0,68,42,55
86628,2019,January,30,0,56,44,50
86628,2019,January,31,0,65,44,54.5
86628,2019,February,1,0,75,53,64
86628,2019,February,2,0.03,77,61,69
86628,2019,February,3,0,73,61,67
86628,2019,February,4,0.00001,70,55,62.5
86628,2019,February,5,0,78,52,65
86628,2019,February,6,0,81,53,67
86628,2019,February,7,0,82,56,69
86628,2019,February,8,0,83,58,70.5
86628,2019,February,9,0.11,78,59,68.5
86628,2019,February,10,0.61,72,65,68.5
86628,2019,February,11,0,84,60,72
86628,2019,February,12,0.16,85,68,76.5
86628,2019,February,13,0.68,71,49,60
86628,2019,February,14,0,75,46,60.5
86628,2019,February,15,0,79,53,66
86628,2019,February,16,0,81,55,68
86628,2019,February,17,0,85,60,72.5
86628,2019,February,18,0.00001,86,65,75.5
86628,2019,February,19,0,86,65,75.5
86628,2019,February,20,0.00001,87,69,78
86628,2019,February,21,0.03,84,64,74
86628,2019,February,22,0,87,66,76.5
86628,2019,February,23,0.00001,88,71,79.5
86628,2019,February,24,0,88,68,78
86628,2019,February,25,0,76,60,68
86628,2019,February,26,0.11,74,59,66.5
86628,2019,February,27,0.03,83,63,73
86628,2019,February,28,0,81,63,72
86628,2019,March,1,0,83,62,72.5
86628,2019,March,2,0,86,61,73.5
86628,2019,March,3,0,86,63,74.5
86628,2019,March,4,0.00001,85,63,74
86628,2019,March,5,0.08,63,52,57.5
86628,2019,March,6,0,63,42,52.5
86628,2019,March,7,0,72,42,57
86628,2019,March,8,0,79,52,65.5
86628,2019,March,9,0,83,59,71
86628,2019,March,10,0,87,64,75.5
86628,2019,March,11,0,87,64,75.5
86628,2019,March,12,0,75,63,69
86628,2019,March,13,0,79,60,69.5
86628,2019,March,14,0,83,63,73
86628,2019,March,15,0,86,60,73
86628,2019,March,16,0.00001,82,64,73
86628,2019,March,17,0.01,73,58,65.5
86628,2019,March,18,0.00001,67,57,62
86628,2019,March,19,0.2,67,56,61.5
86628,2019,March,20,0.04,74,58,66
86628,2019,March,21,0,76,56,66
86628,2019,March,22,0,78,50,64
86628,2019,March,23,0,81,50,65.5
86628,2019,March,24,0,82,58,70
86628,2019,March,25,0,84,58,71
86628,2019,March,26,0,84,62,73
86628,2019,March,27,0.23,73,58,65.5
86628,2019,March,28,0.00001,79,58,68.5
86628,2019,March,29,0,79,57,68
86628,2019,March,30,0,82,59,70.5
86628,2019,March,31,0,86,58,72
86628,2019,April,1,0.00001,73,64,68.5
86628,2019,April,2,0.00001,77,58,67.5
86628,2019,April,3,0,78,55,66.5
86628,2019,April,4,0,83,60,71.5
86628,2019,April,5,0.57,85,65,75
86628,2019,April,6,0.01,88,65,76.5
86628,2019,April,7,0,89,66,77.5
86628,2019,April,8,0.00001,91,69,80
86628,2019,April,9,0.11,86,69,77.5
86628,2019,April,10,0.00001,82,66,74
86628,2019,April,11,0,87,64,75.5
86628,2019,April,12,0.01,89,68,78.5
86628,2019,April,13,0,92,70,81
86628,2019,April,14,0.21,90,71,80.5
86628,2019,April,15,0.00001,81,63,72
86628,2019,April,16,0,85,57,71
86628,2019,April,17,0,85,61,73
86628,2019,April,18,0.02,91,65,78
86628,2019,April,19,0.52,87,63,75
86628,2019,April,20,0.00001,75,54,64.5
86628,2019,April,21,0,77,53,65
86628,2019,April,22,0,83,54,68.5
86628,2019,April,23,0,86,57,71.5
86628,2019,April,24,0,86,60,73
86628,2019,April,25,0,86,61,73.5
86628,2019,April,26,0.02,87,66,76.5
86628,2019,April,27,0,86,60,73
86628,2019,April,28,0,88,61,74.5
86628,2019,April,29,0,88,65,76.5
86628,2019,April,30,0,89,69,79
86628,2019,May,1,0.00001,88,69,78.5
86628,2019,May,2,0.75,86,72,79
86628,2019,May,3,0,90,71,80.5
86628,2019,May,4,0.62,91,68,79.5
86628,2019,May,5,0.23,87,69,78
86628,2019,May,6,0.01,89,69,79
86628,2019,May,7,0.00001,90,71,80.5
86628,2019,May,8,0,88,70,79
86628,2019,May,9,0.00001,87,69,78
86628,2019,May,10,0,89,71,80
86628,2019,May,11,0.05,92,70,81
86628,2019,May,12,0.33,90,70,80
86628,2019,May,13,1.08,85,70,77.5
86628,2019,May,14,1.27,80,68,74
86628,2019,May,15,0,84,69,76.5
86628,2019,May,16,0,86,67,76.5
86628,2019,May,17,0,88,65,76.5
86628,2019,May,18,0,88,65,76.5
86628,2019,May,19,0,91,66,78.5
86628,2019,May,20,0,91,70,80.5
86628,2019,May,21,0,92,70,81
86628,2019,May,22,0,91,70,80.5
86628,2019,May,23,0,90,71,80.5
86628,2019,May,24,0,89,68,78.5
86628,2019,May,25,0,93,69,81
86628,2019,May,26,0,95,70,82.5
86628,2019,May,27,0,96,70,83
86628,2019,May,28,0,97,72,84.5
86628,2019,May,29,0,96,69,82.5
86628,2019,May,30,0,96,72,84
86628,2019,May,31,0,96,74,85
86628,2019,June,1,0.00001,96,74,85
86628,2019,June,2,0.00001,94,71,82.5
86628,2019,June,3,0.00001,94,74,84
86628,2019,June,4,0,96,72,84
86628,2019,June,5,0.25,95,75,85
86628,2019,June,6,0.00001,92,74,83
86628,2019,June,7,0.00001,94,76,85
86628,2019,June,8,0.25,93,75,84
86628,2019,June,9,1.52,93,71,82
86628,2019,June,10,0.64,91,72,81.5
86628,2019,June,11,0.26,90,71,80.5
86628,2019,June,12,0.37,92,72,82
86628,2019,June,13,0.87,85,73,79
86628,2019,June,14,0.00001,85,73,79
86628,2019,June,15,0,90,73,81.5
86628,2019,June,16,1.79,90,70,80
86628,2019,June,17,0.95,88,73,80.5
86628,2019,June,18,0.46,91,74,82.5
86628,2019,June,19,0.76,91,72,81.5
86628,2019,June,20,0.08,94,73,83.5
86628,2019,June,21,0,95,77,86
86628,2019,June,22,0,93,78,85.5
86628,2019,June,23,0.00001,96,76,86
86628,2019,June,24,0,96,75,85.5
86628,2019,June,25,0.01,98,76,87
86628,2019,June,26,0,97,76,86.5
86628,2019,June,27,0,93,76,84.5
86628,2019,June,28,0.00001,93,76,84.5
86628,2019,June,29,0.08,88,75,81.5
86628,2019,June,30,0.68,93,74,83.5
86628,2019,July,1,0.00001,95,75,85
86628,2019,July,2,0.00001,97,77,87
86628,2019,July,3,0.54,96,76,86
86628,2019,July,4,0.03,95,77,86
86628,2019,July,5,0.00001,95,78,86.5
86628,2019,July,6,1.3,92,73,82.5
86628,2019,July,7,0.07,90,74,82
86628,2019,July,8,0.02,90,75,82.5
86628,2019,July,9,0.35,92,75,83.5
86628,2019,July,10,0.02,94,74,84
86628,2019,July,11,0.03,93,74,83.5
86628,2019,July,12,1.03,90,72,81
86628,2019,July,13,0,89,71,80
86628,2019,July,14,0,95,77,86
86628,2019,July,15,0.12,95,75,85
86628,2019,July,16,0.00001,95,75,85
86628,2019,July,17,0.00001,95,76,85.5
86628,2019,July,18,0,93,75,84
86628,2019,July,19,0.00001,94,74,84
86628,2019,July,20,0,92,75,83.5
86628,2019,July,21,0.06,93,75,84
86628,2019,July,22,0.00001,93,72,82.5
86628,2019,July,23,0.35,91,74,82.5
86628,2019,July,24,0.4,90,72,81
86628,2019,July,25,0.73,84,73,78.5
86628,2019,July,26,0.06,87,72,79.5
86628,2019,July,27,0,90,72,81
86628,2019,July,28,0.05,94,76,85
86628,2019,July,29,0.32,94,76,85
86628,2019,July,30,0.38,93,76,84.5
86628,2019,July,31,0.14,94,73,83.5
86628,2019,August,1,0.00001,90,73,81.5
86628,2019,August,2,0.39,89,75,82
86628,2019,August,3,0.23,87,74,80.5
86628,2019,August,4,0,92,75,83.5
86628,2019,August,5,0.15,89,73,81
86628,2019,August,6,0.02,87,74,80.5
86628,2019,August,7,0.99,90,73,81.5
86628,2019,August,8,0.62,93,73,83
86628,2019,August,9,0,94,74,84
86628,2019,August,10,0,94,77,85.5
86628,2019,August,11,1.39,94,78,86
86628,2019,August,12,0.4,93,76,84.5
86628,2019,August,13,0,90,75,82.5
86628,2019,August,14,0.81,92,77,84.5
86628,2019,August,15,0.33,89,75,82
86628,2019,August,16,0.06,87,74,80.5
86628,2019,August,17,0,89,73,81
86628,2019,August,18,0.19,93,74,83.5
86628,2019,August,19,0,92,76,84
86628,2019,August,20,0.05,91,75,83
86628,2019,August,21,0,93,76,84.5
86628,2019,August,22,0,93,76,84.5
86628,2019,August,23,0.28,86,77,81.5
86628,2019,August,24,0,92,77,84.5
86628,2019,August,25,0,93,77,85
86628,2019,August,26,0.91,94,73,83.5
86628,2019,August,27,0,93,74,83.5
86628,2019,August,28,0.00001,91,76,83.5
86628,2019,August,29,0.04,93,78,85.5
86628,2019,August,30,0.00001,90,77,83.5
86628,2019,August,31,0.42,91,77,84
86628,2019,September,1,0.04,91,77,84
86628,2019,September,2,0.51,89,77,83
86628,2019,September,3,0.93,87,74,80.5
86628,2019,September,4,0.23,87,74,80.5
86628,2019,September,5,0,95,80,87.5
86628,2019,September,6,0,95,78,86.5
86628,2019,September,7,0,92,69,80.5
86628,2019,September,8,0,93,72,82.5
86628,2019,September,9,0,95,76,85.5
86628,2019,September,10,0,92,76,84
86628,2019,September,11,0.00001,91,74,82.5
86628,2019,September,12,0.01,91,75,83
86628,2019,September,13,0.00001,87,76,81.5
86628,2019,September,14,0.11,90,76,83
86628,2019,September,15,0.00001,90,76,83
86628,2019,September,16,0.00001,92,76,84
86628,2019,September,17,0,94,73,83.5
86628,2019,September,18,0.00001,89,74,81.5
86628,2019,September,19,0,88,71,79.5
86628,2019,September,20,0.01,88,71,79.5
86628,2019,September,21,0,87,71,79
86628,2019,September,22,0,88,70,79
86628,2019,September,23,0,88,67,77.5
86628,2019,September,24,0,90,67,78.5
86628,2019,September,25,0,92,68,80
86628,2019,September,26,0,91,70,80.5
86628,2019,September,27,0,94,71,82.5
86628,2019,September,28,0.00001,93,74,83.5
86628,2019,September,29,0.05,92,73,82.5
86628,2019,September,30,0.04,93,74,83.5
86628,2019,October,1,0.07,90,75,82.5
86628,2019,October,2,0.00001,92,73,82.5
86628,2019,October,3,0,92,71,81.5
86628,2019,October,4,0,93,71,82
86628,2019,October,5,0.01,93,73,83
86628,2019,October,6,0.16,91,75,83
86628,2019,October,7,0.19,88,75,81.5
86628,2019,October,8,0.01,87,75,81
86628,2019,October,9,0.07,81,74,77.5
86628,2019,October,10,0.04,88,73,80.5
86628,2019,October,11,0,89,70,79.5
86628,2019,October,12,0,90,68,79
86628,2019,October,13,0,89,67,78
86628,2019,October,14,0,91,69,80
86628,2019,October,15,0,90,70,80
86628,2019,October,16,0.00001,91,72,81.5
86628,2019,October,17,0,87,72,79.5
86628,2019,October,18,0.36,82,69,75.5
86628,2019,October,19,3.17,87,74,80.5
86628,2019,October,20,0,90,74,82
86628,2019,October,21,0.01,91,74,82.5
86628,2019,October,22,0,92,73,82.5
86628,2019,October,23,0,85,71,78
86628,2019,October,24,0,90,72,81
86628,2019,October,25,1.26,88,75,81.5
86628,2019,October,26,0.72,91,74,82.5
86628,2019,October,27,0.00001,90,74,82
86628,2019,October,28,0,92,75,83.5
86628,2019,October,29,0,92,76,84
86628,2019,October,30,0,91,76,83.5
86628,2019,October,31,0,91,74,82.5
86628,2019,November,1,0.00001,81,69,75
86628,2019,November,2,0.00001,88,68,78
86628,2019,November,3,0,81,67,74
86628,2019,November,4,0.02,84,70,77
86628,2019,November,5,0.00001,87,69,78
86628,2019,November,6,0.00001,87,72,79.5
86628,2019,November,7,0,89,71,80
86628,2019,November,8,0.21,84,68,76
86628,2019,November,9,0.43,80,61,70.5
86628,2019,November,10,0,81,60,70.5
86628,2019,November,11,0,84,62,73
86628,2019,November,12,0.00001,85,62,73.5
86628,2019,November,13,0.00001,70,56,63
86628,2019,November,14,0.03,80,62,71
86628,2019,November,15,0.03,74,60,67
86628,2019,November,16,0,66,52,59
86628,2019,November,17,0,57,50,53.5
86628,2019,November,18,0,75,55,65
86628,2019,November,19,0,72,53,62.5
86628,2019,November,20,0,76,48,62
86628,2019,November,21,0,79,52,65.5
86628,2019,November,22,0,80,57,68.5
86628,2019,November,23,0,81,57,69
86628,2019,November,24,0.44,73,53,63
86628,2019,November,25,0,69,49,59
86628,2019,November,26,0,74,48,61
86628,2019,November,27,0,80,51,65.5
86628,2019,November,28,0,84,57,70.5
86628,2019,November,29,0,81,57,69
86628,2019,November,30,0,81,58,69.5
86628,2019,December,1,0,84,59,71.5
86628,2019,December,2,0.2,74,50,62
86628,2019,December,3,0,61,43,52
86628,2019,December,4,0,66,46,56
86628,2019,December,5,0,71,47,59
86628,2019,December,6,0,77,50,63.5
86628,2019,December,7,0,79,51,65
86628,2019,December,8,0,81,59,70
86628,2019,December,9,0,82,57,69.5
86628,2019,December,10,0.21,86,61,73.5
86628,2019,December,11,0.06,81,64,72.5
86628,2019,December,12,0.38,77,66,71.5
86628,2019,December,13,0.2,74,68,71
86628,2019,December,14,0.52,77,56,66.5
86628,2019,December,15,0,78,52,65
86628,2019,December,16,0,84,58,71
86628,2019,December,17,0.99,85,68,76.5
86628,2019,December,18,0.00001,69,50,59.5
86628,2019,December,19,0,72,48,60
86628,2019,December,20,0.00001,75,55,65
86628,2019,December,21,0.04,75,66,70.5
86628,2019,December,22,0.4,75,65,70
86628,2019,December,23,0.98,75,58,66.5
86628,2019,December,24,0.00001,65,56,60.5
86628,2019,December,25,0.00001,80,64,72
86628,2019,December,26,0.00001,80,63,71.5
86628,2019,December,27,0.37,80,66,73
86628,2019,December,28,0.14,79,70,74.5
86628,2019,December,29,0.46,81,71,76
86628,2019,December,30,0.00001,79,71,75
86628,2019,December,31,0,71,54,62.5
86628,2020,January,1,0,71,53,62
86628,2020,January,2,0,82,54,68
86628,2020,January,3,0,85,66,75.5
86628,2020,January,4,0.41,82,61,71.5
86628,2020,January,5,0,64,48,56
86628,2020,January,6,0,69,45,57
86628,2020,January,7,0,74,46,60
86628,2020,January,8,0,69,49,59
86628,2020,January,9,0,79,50,64.5
86628,2020,January,10,0,81,60,70.5
86628,2020,January,11,0.01,84,70,77
86628,2020,January,12,0.02,86,67,76.5
86628,2020,January,13,0,84,68,76
86628,2020,January,14,0,83,63,73
86628,2020,January,15,0.00001,83,67,75
86628,2020,January,16,0,84,64,74
86628,2020,January,17,0,78,66,72
86628,2020,January,18,0,80,62,71
86628,2020,January,19,0,80,63,71.5
86628,2020,January,20,0.00001,70,47,58.5
86628,2020,January,21,0,57,40,48.5
86628,2020,January,22,0.00001,55,36,45.5
86628,2020,January,23,0.18,72,54,63
86628,2020,January,24,0.00001,79,59,69
86628,2020,January,25,0,70,52,61
86628,2020,January,26,0,68,46,57
86628,2020,January,27,0.00001,73,55,64
86628,2020,January,28,0,71,51,61
86628,2020,January,29,0.00001,76,49,62.5
86628,2020,January,30,0.00001,74,55,64.5
86628,2020,January,31,0.00001,76,59,67.5
86628,2020,February,1,0.16,65,55,60
86628,2020,February,2,0,66,48,57
86628,2020,February,3,0,75,44,59.5
86628,2020,February,4,0,79,50,64.5
86628,2020,February,5,0,82,57,69.5
86628,2020,February,6,0,88,69,78.5
86628,2020,February,7,0.72,79,50,64.5
86628,2020,February,8,0,72,45,58.5
86628,2020,February,9,0,78,53,65.5
86628,2020,February,10,0,84,57,70.5
86628,2020,February,11,0,87,64,75.5
86628,2020,February,12,0,88,66,77
86628,2020,February,13,0,89,69,79
86628,2020,February,14,0.02,76,59,67.5
86628,2020,February,15,0,79,59,69
86628,2020,February,16,0.09,84,60,72
86628,2020,February,17,0,85,63,74
86628,2020,February,18,0,87,65,76
86628,2020,February,19,0.00001,88,70,79
86628,2020,February,20,0,86,68,77
86628,2020,February,21,0.03,67,48,57.5
86628,2020,February,22,0,74,46,60
86628,2020,February,23,0,78,53,65.5
86628,2020,February,24,0,81,54,67.5
86628,2020,February,25,0,87,61,74
86628,2020,February,26,0.54,81,64,72.5
86628,2020,February,27,0.01,64,49,56.5
86628,2020,February,28,0,65,44,54.5
86628,2020,February,29,0.00001,67,44,55.5
86628,2020,March,1,0,72,43,57.5
86628,2020,March,2,0,79,52,65.5
86628,2020,March,3,0,85,57,71
86628,2020,March,4,0,90,63,76.5
86628,2020,March,5,0.00001,92,69,80.5
86628,2020,March,6,0.02,78,59,68.5
86628,2020,March,7,0,66,50,58
86628,2020,March,8,0,75,50,62.5
86628,2020,March,9,0.00001,76,58,67
86628,2020,March,10,0.00001,79,60,69.5
86628,2020,March,11,0,85,59,72
86628,2020,March,12,0,85,64,74.5
86628,2020,March,13,0,88,61,74.5
86628,2020,March,14,0,88,62,75
86628,2020,March,15,0,89,64,76.5
86628,2020,March,16,0,82,65,73.5
86628,2020,March,17,0,87,65,76
86628,2020,March,18,0,88,64,76
86628,2020,March,19,0,89,64,76.5
86628,2020,March,20,0,89,65,77
86628,2020,March,21,0,89,65,77
86628,2020,March,22,0,89,66,77.5
86628,2020,March,23,0,89,67,78
86628,2020,March,24,0,90,66,78
86628,2020,March,25,0,90,66,78
86628,2020,March,26,0,89,71,80
86628,2020,March,27,0,90,68,79
86628,2020,March,28,0,93,67,80
86628,2020,March,29,0,91,64,77.5
86628,2020,March,30,0,91,69,80
86628,2020,March,31,0.32,91,70,80.5
86628,2020,April,1,0,76,58,67
86628,2020,April,2,0,79,55,67
86628,2020,April,3,0,84,57,70.5
86628,2020,April,4,0,88,60,74
86628,2020,April,5,0.29,73,64,68.5
86628,2020,April,6,0.00001,81,65,73
86628,2020,April,7,0,87,63,75
86628,2020,April,8,0,90,68,79
86628,2020,April,9,0,91,73,82
86628,2020,April,10,0.00001,87,65,76
86628,2020,April,11,0,84,60,72
86628,2020,April,12,0,94,72,83
86628,2020,April,13,0,97,76,86.5
86628,2020,April,14,0,93,74,83.5
86628,2020,April,15,0.04,94,72,83
86628,2020,April,16,0.13,73,62,67.5
86628,2020,April,17,0,83,64,73.5
86628,2020,April,18,0.46,83,71,77
86628,2020,April,19,0,93,70,81.5
86628,2020,April,20,0.03,88,69,78.5
86628,2020,April,21,0,87,63,75
86628,2020,April,22,0,86,66,76
86628,2020,April,23,0,92,68,80
86628,2020,April,24,0.65,79,69,74
86628,2020,April,25,0,88,67,77.5
86628,2020,April,26,0,89,70,79.5
86628,2020,April,27,0,80,61,70.5
86628,2020,April,28,0,83,58,70.5
86628,2020,April,29,0,88,63,75.5
86628,2020,April,30,0.6,83,62,72.5
86628,2020,May,1,0,82,56,69
86628,2020,May,2,0,87,59,73
86628,2020,May,3,0,88,62,75
86628,2020,May,4,0,90,64,77
86628,2020,May,5,0,91,67,79
86628,2020,May,6,0,91,69,80
86628,2020,May,7,0,78,59,68.5
86628,2020,May,8,0,86,54,70
86628,2020,May,9,0,87,67,77
86628,2020,May,10,0.00001,83,67,75
86628,2020,May,11,0,88,65,76.5
86628,2020,May,12,0,87,62,74.5
86628,2020,May,13,0,86,64,75
86628,2020,May,14,0,85,67,76
86628,2020,May,15,0.03,88,69,78.5
86628,2020,May,16,0.13,88,73,80.5
86628,2020,May,17,0.00001,93,73,83
86628,2020,May,18,0.02,89,71,80
86628,2020,May,19,0,94,69,81.5
86628,2020,May,20,0,93,66,79.5
86628,2020,May,21,0.21,95,67,81
86628,2020,May,22,0.00001,94,68,81
86628,2020,May,23,0,92,74,83
86628,2020,May,24,0.01,87,75,81
86628,2020,May,25,0.22,77,72,74.5
86628,2020,May,26,0.36,89,73,81
86628,2020,May,27,0.22,88,72,80
86628,2020,May,28,1.45,93,70,81.5
86628,2020,May,29,0.02,92,71,81.5
86628,2020,May,30,1.18,93,72,82.5
86628,2020,May,31,0,94,70,82
86628,2020,June,1,0,91,77,84
86628,2020,June,2,0.32,82,74,78
86628,2020,June,3,0.01,85,75,80
86628,2020,June,4,2.07,79,72,75.5
86628,2020,June,5,0.11,91,72,81.5
86628,2020,June,6,0.66,82,73,77.5
86628,2020,June,7,1.04,86,74,80
86628,2020,June,8,0,93,75,84
86628,2020,June,9,0.03,92,74,83
86628,2020,June,10,0.15,96,74,85
86628,2020,June,11,0.04,91,74,82.5
86628,2020,June,12,0,91,72,81.5
86628,2020,June,13,0.00001,88,75,81.5
86628,2020,June,14,0.49,91,72,81.5
86628,2020,June,15,0,91,72,81.5
86628,2020,June,16,0,89,70,79.5
86628,2020,June,17,0.1,90,71,80.5
86628,2020,June,18,2.01,92,72,82
86628,2020,June,19,0.1,89,73,81
86628,2020,June,20,0.25,93,72,82.5
86628,2020,June,21,0.00001,94,73,83.5
86628,2020,June,22,3.02,94,71,82.5
86628,2020,June,23,0.01,93,73,83
86628,2020,June,24,0.00001,94,76,85
86628,2020,June,25,0.00001,97,78,87.5
86628,2020,June,26,0,96,77,86.5
86628,2020,June,27,0,95,77,86
86628,2020,June,28,0,95,76,85.5
86628,2020,June,29,0,97,77,87
86628,2020,June,30,0,96,77,86.5
86628,2020,July,1,0.29,95,74,84.5
86628,2020,July,2,0.73,93,75,84
86628,2020,July,3,0.16,90,77,83.5
86628,2020,July,4,0.39,93,74,83.5
86628,2020,July,5,0.44,91,74,82.5
86628,2020,July,6,0.36,92,71,81.5
86628,2020,July,7,0.02,91,74,82.5
86628,2020,July,8,0.39,89,76,82.5
86628,2020,July,9,0.03,94,78,86
86628,2020,July,10,0.74,93,76,84.5
86628,2020,July,11,0.29,91,76,83.5
86628,2020,July,12,0,95,75,85
86628,2020,July,13,0,96,77,86.5
86628,2020,July,14,1.62,94,76,85
86628,2020,July,15,0.31,95,75,85
86628,2020,July,16,0,92,75,83.5
86628,2020,July,17,0,93,77,85
86628,2020,July,18,0.00001,93,77,85
86628,2020,July,19,0.00001,93,78,85.5
86628,2020,July,20,0.12,89,74,81.5
86628,2020,July,21,0.17,91,77,84
86628,2020,July,22,0.08,89,76,82.5
86628,2020,July,23,0.49,86,74,80
86628,2020,July,24,0,91,74,82.5
86628,2020,July,25,0,92,77,84.5
86628,2020,July,26,0,92,75,83.5
86628,2020,July,27,0.22,93,74,83.5
86628,2020,July,28,0.11,89,74,81.5
86628,2020,July,29,0.22,92,75,83.5
86628,2020,July,30,0.01,94,75,84.5
86628,2020,July,31,0,94,76,85
86628,2020,August,1,0,94,78,86
86628,2020,August,2,0.08,88,79,83.5
86628,2020,August,3,0,94,77,85.5
86628,2020,August,4,0.53,93,75,84
86628,2020,August,5,1.14,92,73,82.5
86628,2020,August,6,0.97,93,73,83
86628,2020,August,7,0.00001,94,75,84.5
86628,2020,August,8,0.00001,95,75,85
86628,2020,August,9,1.34,95,72,83.5
86628,2020,August,10,0.00001,94,76,85
86628,2020,August,11,0.00001,95,76,85.5
86628,2020,August,12,0.12,92,75,83.5
86628,2020,August,13,0.19,93,78,85.5
86628,2020,August,14,0.00001,94,77,85.5
86628,2020,August,15,0.31,93,77,85
86628,2020,August,16,0.74,91,77,84
86628,2020,August,17,0.04,91,74,82.5
86628,2020,August,18,0.17,91,74,82.5
86628,2020,August,19,0,87,73,80
86628,2020,August,20,0.1,90,74,82
86628,2020,August,21,0.11,91,74,82.5
86628,2020,August,22,0.13,93,75,84
86628,2020,August,23,0.06,94,77,85.5
86628,2020,August,24,0.21,94,79,86.5
86628,2020,August,25,0,94,80,87
86628,2020,August,26,0,94,79,86.5
86628,2020,August,27,0.14,92,78,85
86628,2020,August,28,0,94,77,85.5
86628,2020,August,29,0.03,94,77,85.5
86628,2020,August,30,0.35,87,76,81.5
86628,2020,August,31,0.66,89,73,81
86628,2020,September,1,0,93,74,83.5
86628,2020,September,2,0.15,95,78,86.5
86628,2020,September,3,0,96,77,86.5
86628,2020,September,4,0.11,96,78,87
86628,2020,September,5,0,95,78,86.5
86628,2020,September,6,0.00001,93,77,85
86628,2020,September,7,0.16,92,74,83
86628,2020,September,8,0.00001,91,74,82.5
86628,2020,September,9,4.05,92,73,82.5
86628,2020,September,10,0.00001,90,75,82.5
86628,2020,September,11,0.14,91,77,84
86628,2020,September,12,0.35,85,76,80.5
86628,2020,September,13,0.39,86,75,80.5
86628,2020,September,14,0.93,89,75,82
86628,2020,September,15,0,90,76,83
86628,2020,September,16,0.00001,92,75,83.5
86628,2020,September,17,0.48,92,77,84.5
86628,2020,September,18,0.00001,91,77,84
86628,2020,September,19,0.15,91,74,82.5
86628,2020,September,20,1.37,82,76,79
86628,2020,September,21,0.00001,86,73,79.5
86628,2020,September,22,0.00001,87,70,78.5
86628,2020,September,23,0,87,69,78
86628,2020,September,24,0.00001,90,72,81
86628,2020,September,25,0,94,74,84
86628,2020,September,26,0.00001,94,74,84
86628,2020,September,27,1.51,92,73,82.5
86628,2020,September,28,0.19,88,74,81
86628,2020,September,29,0.76,89,71,80
86628,2020,September,30,0,78,64,71
86628,2020,October,1,0,83,69,76
86628,2020,October,2,0,83,67,75
86628,2020,October,3,0.08,80,68,74
86628,2020,October,4,0.02,80,71,75.5
86628,2020,October,5,0.00001,86,73,79.5
86628,2020,October,6,0,92,74,83
86628,2020,October,7,0.1,93,76,84.5
86628,2020,October,8,0.00001,91,75,83
86628,2020,October,9,0.04,89,75,82
86628,2020,October,10,0,92,74,83
86628,2020,October,11,0.65,91,74,82.5
86628,2020,October,12,0,88,72,80
86628,2020,October,13,0,88,73,80.5
86628,2020,October,14,0,90,70,80
86628,2020,October,15,0,90,71,80.5
86628,2020,October,16,0,90,73,81.5
86628,2020,October,17,0.24,87,71,79
86628,2020,October,18,0.02,86,71,78.5
86628,2020,October,19,0.99,85,71,78
86628,2020,October,20,0.00001,86,75,80.5
86628,2020,October,21,0.03,86,73,79.5
86628,2020,October,22,0.22,86,73,79.5
86628,2020,October,23,0.24,82,72,77
86628,2020,October,24,0,86,70,78
86628,2020,October,25,0,88,72,80
86628,2020,October,26,0.00001,89,71,80
86628,2020,October,27,0.00001,88,75,81.5
86628,2020,October,28,0,90,74,82
86628,2020,October,29,0.00001,91,73,82
86628,2020,October,30,0,79,63,71
86628,2020,October,31,0,86,61,73.5
86628,2020,November,1,2.18,85,71,78
86628,2020,November,2,0,73,58,65.5
86628,2020,November,3,0,78,55,66.5
86628,2020,November,4,0,80,60,70
86628,2020,November,5,0.02,84,66,75
86628,2020,November,6,0,83,66,74.5
86628,2020,November,7,0,85,71,78
86628,2020,November,8,0.08,79,70,74.5
86628,2020,November,9,0.46,80,75,77.5
86628,2020,November,10,0.56,82,75,78.5
86628,2020,November,11,0.06,85,74,79.5
86628,2020,November,12,0.61,82,73,77.5
86628,2020,November,13,0.00001,79,69,74
86628,2020,November,14,0,82,68,75
86628,2020,November,15,1.07,85,69,77
86628,2020,November,16,0.00001,80,66,73
86628,2020,November,17,0,76,57,66.5
86628,2020,November,18,0,76,55,65.5
86628,2020,November,19,0.00001,76,59,67.5
86628,2020,November,20,0.00001,79,61,70
86628,2020,November,21,0.02,77,64,70.5
86628,2020,November,22,0.1,77,64,70.5
86628,2020,November,23,0,77,60,68.5
86628,2020,November,24,0,80,58,69
86628,2020,November,25,0,82,63,72.5
86628,2020,November,26,0,82,60,71
86628,2020,November,27,0,82,63,72.5
86628,2020,November,28,0,82,62,72
86628,2020,November,29,0,81,65,73
86628,2020,November,30,0.08,73,56,64.5
86628,2020,December,1,0,56,42,49
86628,2020,December,2,0,60,39,49.5
86628,2020,December,3,0,73,43,58
86628,2020,December,4,0.00001,75,58,66.5
86628,2020,December,5,0.00001,74,53,63.5
86628,2020,December,6,0.04,72,49,60.5
86628,2020,December,7,0.2,63,51,57
86628,2020,December,8,0,57,42,49.5
86628,2020,December,9,0,60,40,50
86628,2020,December,10,0,69,42,55.5
86628,2020,December,11,0,71,46,58.5
86628,2020,December,12,0.01,71,55,63
86628,2020,December,13,0,80,56,68
86628,2020,December,14,0.00001,79,62,70.5
86628,2020,December,15,0,73,59,66
86628,2020,December,16,0.19,77,58,67.5
86628,2020,December,17,0.00001,66,48,57
86628,2020,December,18,0,60,40,50
86628,2020,December,19,0,72,47,59.5
86628,2020,December,20,0.4,75,51,63
86628,2020,December,21,0.00001,68,53,60.5
86628,2020,December,22,0,71,49,60
86628,2020,December,23,0,75,48,61.5
86628,2020,December,24,0.12,81,52,66.5
86628,2020,December,25,0.08,53,38,45.5
86628,2020,December,26,0,53,35,44
86628,2020,December,27,0,70,37,53.5
86628,2020,December,28,0,76,50,63
86628,2020,December,29,0,75,53,64
86628,2020,December,30,0.00001,77,56,66.5
86628,2020,December,31,0.00001,83,66,74.5
86628,2021,January,1,0,83,66,74.5
